resident_id,screening_date,bmi,systolic_bp,diastolic_bp,fasting_glucose_mmol,total_cholesterol_mmol,risk_band
RESIDENT_00001,2026-01-28,17.8,122,74,4.8,4.5,Low
RESIDENT_00002,2026-04-22,28.2,119,82,5.5,5.6,Moderate
RESIDENT_00005,2025-02-19,19.7,130,79,5.7,4.6,Moderate
RESIDENT_00005,2026-01-06,24.8,113,71,5.2,5.6,Low
RESIDENT_00006,2026-02-12,23.8,137,83,5.7,5.3,Moderate
RESIDENT_00008,2026-04-19,25.5,135,85,6.5,4.5,High
RESIDENT_00009,2026-06-18,25.4,129,79,6.3,4.5,Moderate
RESIDENT_00010,2026-05-17,25.9,133,83,4.4,4.7,Moderate
RESIDENT_00011,2026-01-28,22.8,134,91,5.9,4.3,Moderate
RESIDENT_00012,2025-01-19,23.7,100,65,5.0,4.5,Low
RESIDENT_00012,2026-06-19,31.0,103,63,5.9,5.8,Moderate
RESIDENT_00013,2026-01-25,22.4,126,85,5.8,5.6,Low
RESIDENT_00014,2025-06-13,23.2,135,92,5.9,5.6,Moderate
RESIDENT_00014,2026-06-18,23.7,129,83,5.7,5.4,Low
RESIDENT_00015,2025-05-08,24.7,134,92,6.1,6.7,High
RESIDENT_00015,2026-06-04,26.7,120,83,5.9,5.6,Moderate
RESIDENT_00017,2026-04-19,25.5,121,81,5.2,5.4,Moderate
RESIDENT_00019,2026-01-11,25.0,120,83,5.3,4.3,Moderate
RESIDENT_00022,2026-03-23,23.1,120,74,4.8,5.4,Low
RESIDENT_00024,2025-05-05,20.2,100,65,5.0,5.6,Low
RESIDENT_00024,2026-04-09,21.1,117,80,5.1,6.6,Moderate
RESIDENT_00025,2025-01-12,28.6,138,87,5.2,5.5,High
RESIDENT_00025,2026-04-26,27.4,118,74,6.3,5.9,Moderate
RESIDENT_00026,2026-03-26,25.7,123,79,5.6,4.7,Moderate
RESIDENT_00027,2026-04-03,26.2,137,85,5.2,4.5,Moderate
RESIDENT_00028,2025-04-18,29.5,120,78,5.7,5.7,Moderate
RESIDENT_00028,2026-06-12,21.5,138,86,4.0,4.4,Moderate
RESIDENT_00029,2026-05-14,26.5,102,71,4.8,5.6,Moderate
RESIDENT_00030,2025-02-26,21.2,104,63,5.4,4.5,Low
RESIDENT_00030,2026-05-21,18.2,116,76,5.6,6.5,Moderate
RESIDENT_00033,2025-05-08,27.9,130,88,5.2,6.4,High
RESIDENT_00033,2026-03-13,26.2,123,85,5.9,4.6,Moderate
RESIDENT_00034,2026-03-11,18.4,125,78,5.6,5.0,Low
RESIDENT_00035,2026-04-04,26.8,114,73,5.4,4.7,Moderate
RESIDENT_00036,2025-06-22,29.7,135,90,5.6,6.7,High
RESIDENT_00036,2026-03-25,26.1,137,90,6.0,5.7,Moderate
RESIDENT_00039,2025-06-13,23.6,113,70,6.2,5.4,Moderate
RESIDENT_00039,2026-02-05,24.0,135,93,6.1,4.8,Moderate
RESIDENT_00041,2026-05-06,24.3,149,96,5.7,4.4,Moderate
RESIDENT_00042,2026-03-17,25.8,133,91,5.0,5.9,Moderate
RESIDENT_00045,2025-06-05,26.6,131,86,4.0,4.3,Moderate
RESIDENT_00045,2026-02-10,17.6,123,82,5.7,4.8,Low
RESIDENT_00046,2025-04-26,23.6,135,94,5.1,5.5,Moderate
RESIDENT_00046,2026-01-24,25.0,134,84,5.3,5.1,Moderate
RESIDENT_00050,2025-04-21,27.3,145,95,4.8,4.9,High
RESIDENT_00050,2026-02-15,25.7,121,77,4.9,5.5,Moderate
RESIDENT_00053,2026-03-19,20.4,109,69,4.0,5.2,Low
RESIDENT_00054,2025-05-18,26.0,140,95,6.6,3.8,High
RESIDENT_00054,2026-04-22,25.4,114,71,5.9,5.3,Moderate
RESIDENT_00055,2026-04-03,23.8,141,88,5.2,5.3,Moderate
RESIDENT_00056,2025-02-05,24.0,127,80,5.5,5.0,Low
RESIDENT_00056,2026-02-11,21.9,117,80,5.5,4.7,Low
RESIDENT_00058,2026-02-15,17.7,118,72,4.8,5.0,Low
RESIDENT_00059,2025-06-28,21.2,120,81,5.5,6.4,Moderate
RESIDENT_00059,2026-06-28,20.1,140,86,4.6,3.6,Moderate
RESIDENT_00060,2025-02-05,25.0,103,62,4.8,5.3,Moderate
RESIDENT_00060,2026-05-21,21.7,116,79,4.8,5.1,Low
RESIDENT_00061,2025-05-20,25.4,128,82,5.9,5.2,Moderate
RESIDENT_00061,2026-05-12,26.1,132,84,6.4,5.4,High
RESIDENT_00062,2026-02-22,25.6,131,82,5.6,5.2,Moderate
RESIDENT_00063,2026-02-27,19.7,122,78,4.7,4.8,Low
RESIDENT_00064,2025-02-13,25.4,128,83,5.2,5.2,Moderate
RESIDENT_00064,2026-06-06,27.2,133,91,6.1,6.6,High
RESIDENT_00065,2026-06-20,24.1,105,70,4.9,4.7,Low
RESIDENT_00066,2026-06-18,24.7,132,85,6.0,5.1,Moderate
RESIDENT_00067,2026-04-12,20.2,126,84,5.7,4.8,Low
RESIDENT_00068,2025-05-18,23.0,117,75,5.3,6.0,Low
RESIDENT_00068,2026-02-25,23.4,134,85,5.0,4.6,Moderate
RESIDENT_00071,2026-04-27,23.5,122,80,6.2,6.2,Moderate
RESIDENT_00072,2026-04-17,23.7,122,84,5.0,4.9,Low
RESIDENT_00073,2025-05-24,27.8,100,61,5.0,5.9,Moderate
RESIDENT_00073,2026-02-21,27.3,121,77,5.8,4.8,Moderate
RESIDENT_00074,2026-02-26,27.9,135,81,4.8,5.1,High
RESIDENT_00077,2026-05-19,32.6,130,80,5.5,4.6,High
RESIDENT_00078,2025-03-27,23.5,122,75,6.1,4.4,Moderate
RESIDENT_00078,2026-06-09,22.9,134,91,5.3,4.8,Moderate
RESIDENT_00079,2025-04-07,27.4,103,62,4.4,4.4,Moderate
RESIDENT_00079,2026-01-08,20.1,101,70,6.1,6.0,Moderate
RESIDENT_00083,2026-06-16,17.2,133,91,4.3,5.2,Moderate
RESIDENT_00085,2026-01-02,22.9,127,84,6.0,4.5,Low
RESIDENT_00086,2026-01-09,24.1,131,90,5.4,5.2,Moderate
RESIDENT_00087,2026-01-26,22.0,117,78,5.3,3.9,Low
RESIDENT_00088,2025-05-02,25.4,129,79,6.2,6.0,Moderate
RESIDENT_00088,2026-06-01,21.4,119,80,5.5,4.6,Low
RESIDENT_00091,2025-05-10,19.6,106,72,5.4,4.8,Low
RESIDENT_00091,2026-05-13,27.3,137,90,5.8,6.4,High
RESIDENT_00093,2025-05-11,20.1,120,82,6.5,5.6,Moderate
RESIDENT_00093,2026-01-02,18.1,133,82,5.1,4.8,Moderate
RESIDENT_00094,2025-02-01,21.9,132,82,6.3,3.7,Moderate
RESIDENT_00094,2026-03-24,22.0,132,86,5.3,4.7,Moderate
RESIDENT_00097,2025-04-05,21.9,102,62,5.1,4.4,Low
RESIDENT_00097,2026-03-10,24.7,126,81,5.2,3.8,Low
RESIDENT_00098,2025-06-28,25.9,126,80,5.7,4.9,Moderate
RESIDENT_00098,2026-04-17,21.6,136,89,6.5,5.9,Moderate
RESIDENT_00099,2026-02-16,21.1,135,93,5.9,5.6,Moderate
RESIDENT_00100,2025-06-23,27.6,140,89,4.8,4.5,High
RESIDENT_00100,2026-04-01,23.8,137,92,5.1,4.8,Moderate
RESIDENT_00101,2025-04-13,21.9,124,81,5.1,3.9,Low
RESIDENT_00101,2026-06-09,24.0,125,83,5.9,6.2,Moderate
RESIDENT_00103,2025-06-13,25.0,158,107,5.7,5.9,High
RESIDENT_00103,2026-06-26,23.9,122,78,5.7,6.4,Moderate
RESIDENT_00104,2026-04-12,24.0,127,86,4.0,5.3,Low
RESIDENT_00105,2025-06-24,27.0,112,67,5.6,5.4,Moderate
RESIDENT_00105,2026-04-21,27.2,136,87,5.8,5.5,Moderate
RESIDENT_00106,2026-06-05,28.0,121,78,5.2,5.0,Moderate
RESIDENT_00109,2026-03-07,20.1,126,78,6.4,5.5,Moderate
RESIDENT_00111,2026-02-10,25.2,119,81,4.9,6.4,Moderate
RESIDENT_00112,2025-06-15,20.5,119,75,7.6,5.9,Moderate
RESIDENT_00112,2026-04-10,28.9,141,87,5.8,4.8,High
RESIDENT_00113,2026-06-27,27.7,114,74,5.4,4.9,Moderate
RESIDENT_00114,2026-03-22,28.7,126,84,5.4,5.8,Moderate
RESIDENT_00115,2026-03-07,22.4,104,69,6.1,5.3,Moderate
RESIDENT_00116,2026-03-08,26.3,112,71,4.8,4.5,Moderate
RESIDENT_00117,2026-01-12,21.1,140,89,5.5,4.0,Moderate
RESIDENT_00119,2026-05-17,23.1,134,85,5.6,5.5,Moderate
RESIDENT_00121,2026-01-23,25.7,127,87,5.7,4.8,Moderate
RESIDENT_00123,2026-03-18,23.3,121,81,5.1,6.1,Low
RESIDENT_00124,2026-01-26,24.3,108,71,5.9,5.3,Low
RESIDENT_00126,2026-02-18,22.9,130,89,6.0,6.0,Moderate
RESIDENT_00127,2025-04-11,21.5,134,86,4.7,4.7,Moderate
RESIDENT_00127,2026-05-09,20.9,109,70,5.2,4.3,Low
RESIDENT_00128,2026-02-16,26.1,116,77,5.0,6.1,Moderate
RESIDENT_00129,2026-01-11,23.5,124,81,5.5,4.4,Low
RESIDENT_00130,2026-02-08,21.4,105,71,5.8,5.4,Low
RESIDENT_00131,2026-02-03,23.3,113,75,4.6,6.4,Moderate
RESIDENT_00133,2026-06-16,24.6,112,74,6.1,5.2,Moderate
RESIDENT_00135,2026-01-23,18.9,139,96,5.4,4.8,Moderate
RESIDENT_00137,2026-03-09,27.3,132,87,5.7,5.0,Moderate
RESIDENT_00139,2026-02-24,20.1,143,90,6.1,5.8,High
RESIDENT_00140,2026-03-07,28.0,118,77,5.0,5.7,Moderate
RESIDENT_00143,2026-03-06,20.4,126,79,4.7,5.4,Low
RESIDENT_00144,2026-04-20,20.6,124,77,5.1,5.8,Low
RESIDENT_00148,2025-04-07,23.5,110,76,5.4,5.7,Low
RESIDENT_00148,2026-03-17,26.0,122,78,6.0,4.9,Moderate
RESIDENT_00150,2026-05-16,21.5,123,85,5.2,4.5,Low
RESIDENT_00153,2025-04-11,19.7,110,76,6.3,4.1,Moderate
RESIDENT_00153,2026-04-20,26.3,121,82,4.7,5.4,Moderate
RESIDENT_00155,2026-03-28,31.2,144,99,5.8,6.0,High
RESIDENT_00157,2026-05-13,25.9,138,84,6.8,6.0,High
RESIDENT_00161,2025-05-26,27.5,125,75,6.3,4.7,High
RESIDENT_00161,2026-03-22,25.6,128,83,6.1,5.5,Moderate
RESIDENT_00163,2026-02-02,22.0,103,66,4.9,5.5,Low
RESIDENT_00165,2026-06-21,27.3,113,73,5.4,5.3,Moderate
RESIDENT_00166,2026-03-16,28.9,143,87,5.1,4.0,High
RESIDENT_00167,2025-05-07,22.2,118,78,6.5,5.6,Moderate
RESIDENT_00167,2026-03-20,23.0,105,67,6.0,4.7,Low
RESIDENT_00168,2026-03-04,26.3,98,65,5.3,3.9,Moderate
RESIDENT_00169,2025-05-09,25.2,141,86,5.5,5.7,High
RESIDENT_00169,2026-06-04,27.8,131,79,5.5,5.4,High
RESIDENT_00174,2026-02-12,24.5,105,66,5.4,6.9,Moderate
RESIDENT_00175,2026-04-09,19.0,122,77,4.6,5.1,Low
RESIDENT_00176,2025-04-20,22.2,129,88,5.4,4.2,Low
RESIDENT_00176,2026-04-04,21.7,154,94,4.1,5.0,Moderate
RESIDENT_00177,2025-05-17,23.0,114,79,5.6,3.9,Low
RESIDENT_00177,2026-05-16,21.5,113,78,5.5,4.8,Low
RESIDENT_00178,2026-02-26,19.9,117,77,5.0,3.7,Low
RESIDENT_00180,2026-03-07,23.9,131,84,5.5,3.2,Moderate
RESIDENT_00181,2026-02-09,20.3,115,80,5.4,4.0,Low
RESIDENT_00182,2025-06-13,30.0,136,83,6.7,4.5,High
RESIDENT_00182,2026-02-23,22.2,130,84,5.6,4.1,Moderate
RESIDENT_00183,2025-06-04,26.9,131,89,5.3,5.0,Moderate
RESIDENT_00183,2026-01-22,20.4,108,65,5.1,4.9,Low
RESIDENT_00187,2026-01-16,19.4,128,79,6.0,6.3,Moderate
RESIDENT_00188,2026-06-27,27.6,106,65,5.6,4.6,Moderate
RESIDENT_00190,2025-06-04,20.9,124,84,6.4,5.2,Moderate
RESIDENT_00190,2026-01-14,21.3,139,90,4.7,6.1,Moderate
RESIDENT_00191,2025-06-03,24.5,127,77,5.2,4.6,Low
RESIDENT_00191,2026-06-13,27.4,126,87,4.5,3.5,Moderate
RESIDENT_00193,2026-03-01,22.6,120,77,6.2,5.9,Moderate
RESIDENT_00194,2025-02-25,27.8,124,85,5.7,6.0,Moderate
RESIDENT_00194,2026-06-13,24.5,138,82,4.6,5.6,Moderate
RESIDENT_00195,2026-01-17,20.2,112,73,5.2,4.9,Low
RESIDENT_00196,2025-03-22,27.7,119,78,5.6,4.9,Moderate
RESIDENT_00196,2026-01-16,19.6,133,88,5.8,4.9,Moderate
RESIDENT_00197,2026-05-28,24.3,129,77,6.5,5.0,Moderate
RESIDENT_00198,2026-05-04,27.0,137,84,5.7,5.6,Moderate
RESIDENT_00199,2026-02-11,25.5,125,76,5.3,5.4,Moderate
RESIDENT_00200,2026-01-26,25.9,123,81,5.1,5.4,Moderate
RESIDENT_00201,2026-02-20,29.2,113,73,5.9,5.3,Moderate
RESIDENT_00203,2026-01-04,25.3,115,79,4.2,4.6,Moderate
RESIDENT_00204,2025-03-21,24.4,117,78,6.2,5.8,Moderate
RESIDENT_00204,2026-02-10,21.8,129,80,4.6,5.7,Low
RESIDENT_00207,2026-01-01,28.2,120,82,5.1,7.0,High
RESIDENT_00208,2025-02-13,17.1,126,77,5.0,5.5,Low
RESIDENT_00208,2026-03-19,22.0,113,69,5.6,4.6,Low
RESIDENT_00209,2026-02-19,24.8,136,82,5.0,5.6,Moderate
RESIDENT_00210,2026-01-28,23.1,110,70,5.0,3.8,Low
RESIDENT_00213,2025-01-07,21.2,131,87,5.7,4.9,Moderate
RESIDENT_00213,2026-02-21,25.2,119,75,6.3,5.5,Moderate
RESIDENT_00215,2025-02-22,21.7,125,84,5.0,6.8,Moderate
RESIDENT_00215,2026-01-28,18.0,137,92,5.2,5.1,Moderate
RESIDENT_00216,2026-04-17,26.5,109,67,7.2,4.8,High
RESIDENT_00218,2026-06-18,25.7,124,78,6.5,5.7,Moderate
RESIDENT_00219,2026-04-02,27.8,124,86,4.8,5.0,Moderate
RESIDENT_00220,2025-06-14,23.1,126,84,5.9,5.8,Low
RESIDENT_00220,2026-04-11,21.5,134,84,5.5,5.1,Moderate
RESIDENT_00221,2026-06-11,25.3,126,82,6.1,3.9,Moderate
RESIDENT_00222,2026-01-20,24.5,120,77,5.4,5.0,Low
RESIDENT_00224,2026-04-21,25.1,127,82,5.4,4.5,Moderate
RESIDENT_00226,2025-05-26,24.7,111,71,6.8,6.0,Moderate
RESIDENT_00226,2026-05-16,22.3,128,79,5.8,5.3,Low
RESIDENT_00228,2026-01-21,25.1,135,85,5.4,5.6,Moderate
RESIDENT_00229,2026-02-27,25.1,108,67,6.1,3.4,Moderate
RESIDENT_00231,2025-01-05,21.8,109,74,5.5,4.9,Low
RESIDENT_00231,2026-04-24,27.7,134,92,6.6,4.0,High
RESIDENT_00232,2025-01-19,24.0,115,71,6.4,4.5,Moderate
RESIDENT_00232,2026-04-11,22.2,126,85,5.0,6.0,Low
RESIDENT_00233,2026-06-08,21.8,115,72,5.4,6.0,Low
RESIDENT_00234,2025-03-27,23.7,134,93,5.0,5.0,Moderate
RESIDENT_00234,2026-05-05,24.7,116,75,5.3,5.0,Low
RESIDENT_00236,2025-04-06,20.4,111,76,5.1,4.1,Low
RESIDENT_00236,2026-05-28,21.1,119,81,5.5,5.7,Low
RESIDENT_00238,2025-03-04,28.2,126,85,6.1,5.1,High
RESIDENT_00238,2026-05-22,24.1,116,75,6.1,5.4,Moderate
RESIDENT_00239,2025-01-28,20.4,123,82,5.4,4.9,Low
RESIDENT_00239,2026-03-22,22.0,121,74,5.3,5.9,Low
RESIDENT_00240,2025-01-17,24.6,112,76,5.2,6.1,Low
RESIDENT_00240,2026-03-05,28.4,131,89,5.8,4.7,High
RESIDENT_00244,2025-04-26,20.3,107,68,5.9,5.3,Low
RESIDENT_00244,2026-01-13,24.7,124,82,5.1,5.4,Low
RESIDENT_00245,2026-05-04,25.1,133,82,6.8,5.1,High
RESIDENT_00247,2026-03-16,20.6,119,71,4.6,6.2,Moderate
RESIDENT_00248,2026-02-12,30.9,158,105,5.1,4.4,High
RESIDENT_00249,2025-01-19,28.0,122,84,5.0,5.9,Moderate
RESIDENT_00249,2026-04-25,26.5,110,68,6.5,4.2,Moderate
RESIDENT_00251,2026-03-15,25.7,124,86,4.4,4.4,Moderate
RESIDENT_00252,2026-06-05,23.6,125,75,4.0,5.2,Low
RESIDENT_00255,2025-06-21,21.7,109,75,5.4,5.7,Low
RESIDENT_00255,2026-02-24,26.6,121,75,4.5,4.4,Moderate
RESIDENT_00257,2025-06-15,23.9,127,84,6.6,5.5,Moderate
RESIDENT_00257,2026-02-12,21.9,119,81,6.0,5.1,Low
RESIDENT_00258,2025-03-06,29.9,115,77,4.6,3.6,Moderate
RESIDENT_00258,2026-06-08,27.6,116,75,4.1,4.7,Moderate
RESIDENT_00260,2026-03-10,23.6,146,96,4.1,6.2,High
RESIDENT_00261,2025-05-21,22.0,119,82,4.7,5.7,Low
RESIDENT_00261,2026-01-10,23.7,110,70,5.3,4.9,Low
RESIDENT_00262,2026-02-01,25.4,122,81,5.4,4.5,Moderate
RESIDENT_00264,2025-05-13,26.3,144,89,5.9,6.1,High
RESIDENT_00264,2026-06-20,25.7,105,65,5.4,4.6,Moderate
RESIDENT_00265,2026-05-08,22.4,132,85,6.0,5.4,Moderate
RESIDENT_00266,2026-04-09,22.7,139,89,5.9,4.6,Moderate
RESIDENT_00267,2026-04-27,23.1,115,70,5.5,3.7,Low
RESIDENT_00268,2026-01-04,26.8,146,97,5.8,5.3,High
RESIDENT_00269,2025-02-22,23.6,124,76,5.3,4.9,Low
RESIDENT_00269,2026-01-23,24.8,102,62,4.6,4.2,Low
RESIDENT_00270,2026-04-06,27.6,106,73,5.4,5.8,Moderate
RESIDENT_00272,2025-01-23,23.8,127,80,5.8,5.9,Low
RESIDENT_00272,2026-06-07,19.7,122,77,5.6,5.2,Low
RESIDENT_00273,2025-01-28,27.4,113,70,5.4,4.5,Moderate
RESIDENT_00273,2026-01-10,24.9,111,70,4.4,5.3,Low
RESIDENT_00274,2026-05-01,18.2,119,76,5.5,5.7,Low
RESIDENT_00276,2025-06-13,23.2,94,62,5.0,5.3,Low
RESIDENT_00276,2026-06-26,30.0,119,79,5.1,4.7,Moderate
RESIDENT_00277,2026-01-12,24.9,121,74,5.4,5.0,Low
RESIDENT_00278,2026-04-10,18.9,111,68,4.3,5.0,Low
RESIDENT_00279,2026-02-15,24.9,121,79,5.0,5.0,Low
RESIDENT_00280,2026-04-14,20.3,105,70,5.2,7.3,Moderate
RESIDENT_00282,2026-04-27,17.8,125,80,6.2,5.7,Moderate
RESIDENT_00283,2025-04-02,24.6,147,97,5.7,4.4,Moderate
RESIDENT_00283,2026-04-01,24.3,137,90,6.6,4.1,Moderate
RESIDENT_00285,2026-04-23,24.2,127,83,6.0,3.8,Low
RESIDENT_00286,2025-04-12,25.0,131,89,4.8,4.7,Moderate
RESIDENT_00286,2026-02-17,18.2,111,69,6.1,5.5,Moderate
RESIDENT_00287,2025-01-07,25.2,113,76,5.7,5.6,Moderate
RESIDENT_00287,2026-01-02,26.5,130,79,5.0,4.5,Moderate
RESIDENT_00290,2026-03-06,25.0,115,71,5.6,4.2,Moderate
RESIDENT_00291,2025-02-20,25.4,114,78,5.5,5.1,Moderate
RESIDENT_00291,2026-02-19,30.7,122,77,4.4,7.0,High
RESIDENT_00292,2026-04-13,20.5,116,79,4.5,5.6,Low
RESIDENT_00293,2026-01-11,19.4,143,89,5.2,5.7,Moderate
RESIDENT_00294,2026-01-01,21.9,118,73,4.2,5.3,Low
RESIDENT_00295,2026-05-19,30.2,123,85,6.3,5.0,High
RESIDENT_00296,2026-05-28,27.8,120,77,4.3,4.9,Moderate
RESIDENT_00298,2026-05-23,25.4,129,89,5.6,5.3,Moderate
RESIDENT_00299,2025-02-19,27.7,132,80,6.5,5.5,High
RESIDENT_00299,2026-04-27,29.3,142,89,6.4,5.1,High
RESIDENT_00303,2026-02-06,23.0,115,76,6.3,4.8,Moderate
RESIDENT_00304,2026-04-28,20.8,120,81,5.5,5.2,Low
RESIDENT_00307,2026-01-23,20.2,120,82,5.9,4.6,Low
RESIDENT_00308,2026-02-12,23.0,143,98,5.2,4.5,Moderate
RESIDENT_00309,2025-06-22,15.0,116,70,5.1,5.2,Low
RESIDENT_00309,2026-04-02,23.3,147,101,5.7,5.5,Moderate
RESIDENT_00312,2025-05-17,21.7,120,83,6.1,4.9,Moderate
RESIDENT_00312,2026-03-18,22.7,111,70,5.3,5.8,Low
RESIDENT_00313,2026-03-13,22.8,124,80,5.0,3.9,Low
RESIDENT_00315,2026-02-14,23.4,119,75,5.9,5.5,Low
RESIDENT_00316,2025-03-03,20.9,117,77,6.0,5.7,Low
RESIDENT_00316,2026-06-26,27.9,115,75,5.5,4.8,Moderate
RESIDENT_00317,2025-06-27,30.0,124,74,6.3,6.4,High
RESIDENT_00317,2026-06-27,21.5,119,79,5.9,6.0,Low
RESIDENT_00318,2025-02-07,21.3,128,83,5.8,6.4,Moderate
RESIDENT_00318,2026-03-11,31.9,152,95,6.0,7.1,High
RESIDENT_00319,2026-02-15,28.0,115,78,4.8,5.4,Moderate
RESIDENT_00322,2026-04-03,17.4,121,82,4.7,5.1,Low
RESIDENT_00323,2026-02-18,22.5,135,91,5.9,4.6,Moderate
RESIDENT_00324,2026-04-21,21.5,115,70,6.2,4.1,Moderate
RESIDENT_00326,2026-01-15,24.1,121,72,4.0,5.1,Low
RESIDENT_00327,2026-03-07,26.2,122,76,5.7,5.0,Moderate
RESIDENT_00329,2025-01-10,27.8,127,83,4.7,5.0,Moderate
RESIDENT_00329,2026-05-23,26.9,101,70,5.6,5.9,Moderate
RESIDENT_00330,2026-02-28,25.4,133,81,5.3,5.0,Moderate
RESIDENT_00331,2026-04-07,27.7,125,84,5.2,5.3,Moderate
RESIDENT_00333,2026-06-02,24.1,128,80,5.8,4.9,Low
RESIDENT_00334,2026-03-11,21.1,130,78,4.8,6.5,Moderate
RESIDENT_00335,2025-06-23,30.2,128,84,4.7,6.6,High
RESIDENT_00335,2026-01-26,23.7,123,85,5.9,4.2,Low
RESIDENT_00337,2026-02-06,22.2,117,81,5.5,5.5,Low
RESIDENT_00339,2026-02-16,24.5,134,89,5.1,4.8,Moderate
RESIDENT_00340,2025-02-10,23.9,131,83,5.8,5.7,Moderate
RESIDENT_00340,2026-02-04,25.0,128,84,4.6,4.7,Moderate
RESIDENT_00341,2026-06-26,24.6,132,84,6.1,5.4,Moderate
RESIDENT_00345,2026-06-21,27.5,129,78,6.1,5.0,High
RESIDENT_00346,2025-01-18,22.8,142,98,6.7,5.4,High
RESIDENT_00346,2026-03-10,25.3,143,93,5.7,5.2,High
RESIDENT_00347,2026-01-01,20.4,121,82,6.5,5.6,Moderate
RESIDENT_00350,2025-02-18,25.2,106,64,5.0,4.7,Moderate
RESIDENT_00350,2026-03-02,28.5,108,66,4.4,3.3,Moderate
RESIDENT_00351,2025-06-03,24.8,122,80,5.3,5.3,Low
RESIDENT_00351,2026-03-14,28.9,126,78,5.9,5.1,Moderate
RESIDENT_00352,2026-03-23,25.4,129,86,5.7,4.9,Moderate
RESIDENT_00354,2026-03-12,29.2,109,74,4.9,6.1,Moderate
RESIDENT_00357,2026-01-24,23.9,126,82,5.3,5.3,Low
RESIDENT_00358,2025-05-06,23.4,129,88,6.1,6.4,Moderate
RESIDENT_00358,2026-03-16,24.7,128,81,6.2,6.0,Moderate
RESIDENT_00359,2025-01-02,27.8,117,79,5.0,4.6,Moderate
RESIDENT_00359,2026-03-10,23.5,138,92,5.3,4.8,Moderate
RESIDENT_00360,2026-06-14,18.9,116,71,5.1,3.6,Low
RESIDENT_00362,2026-02-16,23.1,120,75,5.2,5.0,Low
RESIDENT_00364,2025-06-02,23.5,134,81,6.4,5.1,Moderate
RESIDENT_00364,2026-05-15,27.2,129,90,5.8,5.2,Moderate
RESIDENT_00368,2026-04-02,22.4,119,75,5.3,4.3,Low
RESIDENT_00370,2026-03-28,22.5,98,63,5.3,4.6,Low
RESIDENT_00371,2026-04-16,24.6,120,79,6.4,4.5,Moderate
RESIDENT_00374,2026-03-21,27.3,139,87,5.8,5.1,Moderate
RESIDENT_00375,2026-01-28,20.4,101,65,5.7,5.8,Low
RESIDENT_00376,2025-03-01,22.5,111,67,4.9,4.6,Low
RESIDENT_00376,2026-06-05,23.5,123,82,6.1,4.8,Moderate
RESIDENT_00377,2026-05-05,26.0,133,87,4.6,5.9,Moderate
RESIDENT_00378,2026-01-09,23.8,136,87,4.4,5.7,Moderate
RESIDENT_00380,2026-04-21,27.2,126,76,4.4,4.7,Moderate
RESIDENT_00383,2026-01-22,23.8,111,69,5.4,4.9,Low
RESIDENT_00384,2026-01-13,25.3,106,66,5.5,4.5,Moderate
RESIDENT_00385,2025-01-02,25.6,120,76,4.8,4.9,Moderate
RESIDENT_00385,2026-06-20,31.8,139,95,5.0,5.3,High
RESIDENT_00386,2026-01-02,26.8,110,68,5.7,5.2,Moderate
RESIDENT_00388,2026-03-10,24.2,143,95,6.5,5.2,High
RESIDENT_00390,2026-02-21,27.3,118,80,5.7,5.2,Moderate
RESIDENT_00391,2026-03-15,24.3,111,75,4.8,5.1,Low
RESIDENT_00392,2026-02-22,19.0,112,71,6.0,3.8,Low
RESIDENT_00395,2026-04-13,24.6,120,72,5.3,4.4,Low
RESIDENT_00397,2025-06-26,21.1,126,75,4.9,4.4,Low
RESIDENT_00397,2026-04-28,22.1,109,69,5.4,4.7,Low
RESIDENT_00398,2025-04-13,24.4,124,78,6.5,5.9,Moderate
RESIDENT_00398,2026-05-07,25.7,138,86,5.3,4.7,Moderate
RESIDENT_00399,2026-05-23,29.4,130,86,5.9,6.6,High
RESIDENT_00401,2026-05-23,22.4,139,83,6.0,3.8,Moderate
RESIDENT_00403,2026-01-19,24.5,127,79,6.5,6.2,Moderate
RESIDENT_00404,2026-02-18,28.9,147,97,6.1,3.5,High
RESIDENT_00405,2026-02-02,22.7,125,86,4.1,5.4,Low
RESIDENT_00406,2025-06-12,32.5,128,83,5.4,5.6,Moderate
RESIDENT_00406,2026-06-25,21.0,127,85,5.0,4.6,Low
RESIDENT_00407,2025-05-17,26.2,114,70,6.2,6.3,High
RESIDENT_00407,2026-01-07,25.0,111,71,5.5,4.9,Moderate
RESIDENT_00408,2026-04-08,27.0,115,76,4.9,5.6,Moderate
RESIDENT_00409,2026-01-23,18.9,107,69,6.2,4.3,Moderate
RESIDENT_00410,2026-04-25,20.4,117,80,4.9,3.4,Low
RESIDENT_00411,2026-04-04,22.9,115,73,5.4,5.5,Low
RESIDENT_00413,2026-02-12,23.3,150,98,5.2,3.9,Moderate
RESIDENT_00416,2026-06-05,18.6,102,64,4.3,4.0,Low
RESIDENT_00418,2026-05-09,26.5,144,96,6.2,7.0,High
RESIDENT_00421,2025-02-22,23.4,122,75,4.2,5.3,Low
RESIDENT_00421,2026-02-26,22.2,122,78,5.7,5.5,Low
RESIDENT_00422,2025-06-13,22.8,127,84,4.8,6.0,Low
RESIDENT_00422,2026-04-16,26.9,114,78,5.8,4.8,Moderate
RESIDENT_00423,2026-04-11,32.3,114,73,5.6,4.9,Moderate
RESIDENT_00424,2026-01-11,25.8,119,71,6.2,5.3,Moderate
RESIDENT_00427,2026-04-10,21.0,109,76,5.6,5.2,Low
RESIDENT_00428,2026-02-07,25.7,137,87,4.9,5.5,Moderate
RESIDENT_00429,2026-02-28,25.0,124,84,4.9,5.1,Moderate
RESIDENT_00431,2026-04-10,27.8,115,74,5.4,4.4,Moderate
RESIDENT_00432,2025-03-25,23.4,142,89,6.1,5.7,High
RESIDENT_00432,2026-06-24,20.3,115,73,5.3,5.4,Low
RESIDENT_00436,2025-06-19,26.4,123,81,6.0,6.5,Moderate
RESIDENT_00436,2026-03-08,24.5,121,77,4.5,5.6,Low
RESIDENT_00440,2026-06-24,23.3,120,72,5.3,4.6,Low
RESIDENT_00441,2025-01-13,26.4,134,89,4.0,4.9,Moderate
RESIDENT_00441,2026-06-18,25.1,136,91,5.8,5.2,Moderate
RESIDENT_00443,2026-05-13,27.9,136,81,6.0,5.9,High
RESIDENT_00444,2026-04-22,24.0,135,84,5.7,5.0,Moderate
RESIDENT_00445,2025-03-20,28.0,129,88,4.5,6.1,Moderate
RESIDENT_00445,2026-02-15,23.4,126,76,6.6,5.7,Moderate
RESIDENT_00446,2026-02-22,22.0,106,72,5.8,5.3,Low
RESIDENT_00448,2025-03-05,26.5,120,78,6.1,4.9,Moderate
RESIDENT_00448,2026-04-28,22.1,129,86,5.8,5.4,Low
RESIDENT_00449,2026-01-25,26.3,123,76,6.0,5.8,Moderate
RESIDENT_00452,2025-04-21,24.4,128,77,4.6,5.6,Low
RESIDENT_00452,2026-05-21,22.6,121,75,5.4,5.5,Low
RESIDENT_00453,2026-05-20,19.6,123,77,5.7,4.8,Low
RESIDENT_00454,2025-02-06,23.7,112,74,5.9,5.4,Low
RESIDENT_00454,2026-03-14,23.7,129,88,5.8,5.4,Low
RESIDENT_00455,2026-06-20,27.5,118,72,6.1,5.6,High
RESIDENT_00456,2026-03-04,26.1,107,67,5.3,4.9,Moderate
RESIDENT_00461,2026-06-10,26.1,133,92,5.2,5.0,Moderate
RESIDENT_00464,2026-05-09,22.8,120,76,6.0,5.1,Low
RESIDENT_00465,2025-06-19,20.9,112,69,4.2,4.7,Low
RESIDENT_00465,2026-04-28,16.0,114,68,5.7,5.4,Low
RESIDENT_00467,2025-02-21,22.7,97,59,5.7,5.5,Low
RESIDENT_00467,2026-01-03,26.5,107,68,6.6,6.3,High
RESIDENT_00471,2026-05-12,23.3,95,58,5.3,5.9,Low
RESIDENT_00472,2026-01-03,19.9,123,74,6.1,5.4,Moderate
RESIDENT_00473,2026-05-02,18.8,120,72,4.4,6.0,Low
RESIDENT_00474,2026-04-23,23.6,133,80,4.8,4.4,Moderate
RESIDENT_00477,2025-02-03,21.9,108,68,5.4,4.5,Low
RESIDENT_00477,2026-03-10,24.4,119,76,5.8,4.6,Low
RESIDENT_00479,2026-05-10,19.1,121,76,4.8,4.6,Low
RESIDENT_00480,2026-01-27,25.4,132,88,5.1,4.5,Moderate
RESIDENT_00483,2026-03-15,22.5,127,82,6.4,5.4,Moderate
RESIDENT_00484,2025-03-04,25.1,116,70,5.3,5.5,Moderate
RESIDENT_00484,2026-03-19,23.7,112,71,5.4,5.3,Low
RESIDENT_00485,2026-02-07,27.0,138,86,6.1,5.3,High
RESIDENT_00487,2026-03-03,25.8,121,74,5.8,5.4,Moderate
RESIDENT_00490,2025-06-14,30.5,128,79,5.9,5.1,Moderate
RESIDENT_00490,2026-01-25,28.1,117,75,5.7,5.7,Moderate
RESIDENT_00491,2026-06-11,23.9,142,87,5.9,3.6,Moderate
RESIDENT_00492,2026-05-28,20.8,121,84,6.6,5.7,Moderate
RESIDENT_00493,2025-02-07,27.5,135,88,4.7,4.5,High
RESIDENT_00493,2026-06-18,30.6,120,73,5.5,4.0,Moderate
RESIDENT_00495,2026-06-15,24.5,108,68,5.4,5.1,Low
RESIDENT_00496,2026-05-07,21.0,102,64,5.9,5.4,Low
RESIDENT_00497,2026-05-15,24.9,127,88,6.0,4.8,Low
RESIDENT_00499,2026-01-23,20.1,147,89,4.7,5.9,Moderate
RESIDENT_00501,2026-02-04,23.9,126,82,5.9,5.4,Low
RESIDENT_00503,2026-05-27,24.8,130,79,6.3,4.8,Moderate
RESIDENT_00504,2026-01-22,23.5,129,84,6.6,5.9,Moderate
RESIDENT_00505,2026-05-17,27.9,114,68,5.9,3.4,Moderate
RESIDENT_00506,2026-02-26,18.7,128,87,5.6,4.7,Low
RESIDENT_00509,2026-05-08,22.3,122,74,5.2,5.3,Low
RESIDENT_00510,2026-06-11,21.2,144,92,6.0,3.7,Moderate
RESIDENT_00511,2026-01-18,34.9,138,88,6.0,4.6,High
RESIDENT_00512,2026-01-17,23.1,105,71,5.2,5.7,Low
RESIDENT_00513,2026-05-09,21.3,114,68,5.6,4.5,Low
RESIDENT_00517,2026-02-15,27.7,134,91,6.1,6.5,High
RESIDENT_00520,2025-05-03,28.8,116,70,4.6,5.5,Moderate
RESIDENT_00520,2026-01-05,22.6,114,73,5.3,5.8,Low
RESIDENT_00521,2026-03-10,22.8,123,77,4.5,4.2,Low
RESIDENT_00522,2025-03-26,26.9,148,93,5.3,4.6,High
RESIDENT_00522,2026-03-06,27.6,112,78,5.1,5.1,Moderate
RESIDENT_00524,2025-06-08,22.6,122,83,4.8,5.9,Low
RESIDENT_00524,2026-03-24,22.0,124,83,5.4,4.3,Low
RESIDENT_00525,2026-03-17,23.8,119,80,4.6,4.7,Low
RESIDENT_00528,2025-02-24,27.5,118,79,5.0,6.2,High
RESIDENT_00528,2026-01-23,21.8,100,65,4.6,5.5,Low
RESIDENT_00530,2026-06-20,22.7,124,80,5.5,6.2,Moderate
RESIDENT_00531,2026-03-13,21.2,140,94,5.7,5.8,Moderate
RESIDENT_00534,2026-04-21,27.7,143,97,6.6,5.8,High
RESIDENT_00535,2026-02-16,25.2,120,75,4.6,6.2,Moderate
RESIDENT_00536,2026-06-28,27.2,129,79,5.5,5.3,Moderate
RESIDENT_00537,2026-05-26,23.5,122,81,6.5,5.3,Moderate
RESIDENT_00538,2025-04-25,23.8,112,78,5.8,4.2,Low
RESIDENT_00538,2026-03-02,26.5,122,75,5.5,4.6,Moderate
RESIDENT_00539,2026-02-02,18.4,144,99,6.5,6.0,High
RESIDENT_00542,2026-02-04,20.9,119,79,4.8,5.8,Low
RESIDENT_00543,2026-01-13,25.0,102,63,5.1,5.8,Moderate
RESIDENT_00544,2026-02-23,21.6,121,81,6.1,4.7,Moderate
RESIDENT_00545,2026-04-13,20.5,108,74,5.4,5.7,Low
RESIDENT_00546,2025-06-23,29.2,120,78,6.4,4.3,High
RESIDENT_00546,2026-03-16,25.0,126,80,5.1,5.9,Moderate
RESIDENT_00548,2026-02-18,28.2,133,87,5.4,4.7,High
RESIDENT_00549,2026-01-20,19.7,129,87,6.8,6.6,Moderate
RESIDENT_00550,2026-06-27,29.6,110,66,5.3,4.6,Moderate
RESIDENT_00551,2026-02-13,17.9,112,71,5.1,5.0,Low
RESIDENT_00552,2025-02-11,26.9,112,70,5.0,5.0,Moderate
RESIDENT_00552,2026-06-02,20.5,116,76,4.9,4.2,Low
RESIDENT_00553,2026-05-22,27.3,127,76,5.8,5.3,Moderate
RESIDENT_00555,2025-04-06,23.6,105,71,5.4,4.6,Low
RESIDENT_00555,2026-01-07,23.8,137,93,5.4,4.6,Moderate
RESIDENT_00556,2026-03-28,22.6,117,76,4.8,4.5,Low
RESIDENT_00557,2026-05-13,20.8,104,71,4.5,3.9,Low
RESIDENT_00558,2026-03-05,29.8,123,80,6.0,3.8,Moderate
RESIDENT_00559,2026-06-05,25.4,113,74,4.4,4.6,Moderate
RESIDENT_00560,2025-06-03,27.7,129,81,4.6,4.1,Moderate
RESIDENT_00560,2026-02-20,23.1,121,78,5.6,4.8,Low
RESIDENT_00562,2026-02-12,24.6,131,87,6.3,4.8,Moderate
RESIDENT_00563,2026-02-18,24.4,110,72,5.5,6.9,Moderate
RESIDENT_00565,2025-03-18,30.1,133,80,5.9,6.6,High
RESIDENT_00565,2026-01-18,24.2,109,75,5.5,4.8,Low
RESIDENT_00566,2025-03-28,29.6,123,78,5.2,5.2,Moderate
RESIDENT_00566,2026-05-05,25.5,131,83,4.9,4.9,Moderate
RESIDENT_00567,2026-01-27,17.0,125,86,5.4,5.4,Low
RESIDENT_00568,2026-05-01,27.4,114,79,6.7,5.4,Moderate
RESIDENT_00569,2026-02-17,25.3,143,92,5.4,4.5,High
RESIDENT_00570,2025-06-17,21.2,118,71,5.1,4.5,Low
RESIDENT_00570,2026-01-28,26.4,138,84,5.2,4.1,Moderate
RESIDENT_00571,2026-06-19,20.6,142,87,6.0,4.7,Moderate
RESIDENT_00572,2026-04-11,29.0,99,64,4.5,6.2,High
RESIDENT_00573,2026-05-08,23.2,121,76,4.5,5.2,Low
RESIDENT_00574,2026-02-03,28.0,124,75,5.6,4.5,Moderate
RESIDENT_00575,2025-01-14,23.5,143,91,4.4,4.7,Moderate
RESIDENT_00575,2026-05-10,22.3,109,75,5.0,3.7,Low
RESIDENT_00576,2026-01-02,23.0,121,76,4.3,5.1,Low
RESIDENT_00577,2026-06-28,18.9,118,80,4.3,5.5,Low
RESIDENT_00578,2025-02-03,32.6,134,88,5.6,5.5,High
RESIDENT_00578,2026-02-11,23.0,115,79,5.9,4.9,Low
RESIDENT_00579,2026-05-12,27.4,118,71,5.5,5.3,Moderate
RESIDENT_00580,2026-05-11,25.3,120,83,5.6,5.4,Moderate
RESIDENT_00583,2026-04-05,27.6,124,83,6.1,5.6,High
RESIDENT_00586,2026-01-16,21.1,107,66,5.7,3.7,Low
RESIDENT_00587,2026-02-18,27.2,141,85,5.5,5.4,High
RESIDENT_00588,2026-04-12,26.3,148,90,5.9,5.5,High
RESIDENT_00589,2026-06-11,28.0,148,95,5.2,5.0,High
RESIDENT_00590,2026-01-18,26.7,117,74,6.5,6.3,High
RESIDENT_00593,2025-04-22,28.4,148,95,5.3,5.2,High
RESIDENT_00593,2026-04-09,25.5,136,91,5.2,6.1,Moderate
RESIDENT_00594,2025-06-18,22.0,138,92,5.4,6.1,Moderate
RESIDENT_00594,2026-01-25,22.7,139,86,6.4,5.3,Moderate
RESIDENT_00595,2025-06-03,23.6,127,81,4.8,4.9,Low
RESIDENT_00595,2026-05-03,20.4,139,85,6.7,4.6,Moderate
RESIDENT_00596,2026-03-02,24.0,120,79,6.2,6.0,Moderate
RESIDENT_00598,2026-06-24,24.9,100,68,4.4,5.8,Low
RESIDENT_00599,2026-05-16,20.9,135,81,6.9,4.2,Moderate
RESIDENT_00600,2025-06-25,22.1,145,97,6.9,7.2,High
RESIDENT_00600,2026-06-06,22.2,114,71,5.2,5.2,Low
RESIDENT_00601,2025-02-05,28.0,106,73,4.4,4.7,Moderate
RESIDENT_00601,2026-01-15,23.0,99,66,5.5,4.6,Low
RESIDENT_00602,2026-01-27,21.0,107,72,5.9,5.5,Low
RESIDENT_00605,2025-06-23,20.0,118,76,5.3,4.8,Low
RESIDENT_00605,2026-02-04,20.8,110,70,5.8,4.8,Low
RESIDENT_00609,2025-05-28,28.7,111,72,5.2,4.8,Moderate
RESIDENT_00609,2026-02-08,23.5,147,97,5.3,6.2,High
RESIDENT_00611,2026-05-16,23.9,128,79,5.0,5.0,Low
RESIDENT_00613,2025-02-11,21.6,129,84,5.3,5.7,Low
RESIDENT_00613,2026-05-08,20.5,110,73,4.9,4.7,Low
RESIDENT_00615,2026-04-08,21.1,117,70,5.5,5.3,Low
RESIDENT_00616,2025-06-09,22.5,155,107,5.4,5.0,Moderate
RESIDENT_00616,2026-01-09,24.6,124,85,6.0,4.8,Low
RESIDENT_00618,2025-03-12,31.5,133,83,5.1,3.7,High
RESIDENT_00618,2026-06-06,23.7,106,65,4.6,4.9,Low
RESIDENT_00619,2026-06-13,22.1,133,91,6.2,5.2,Moderate
RESIDENT_00621,2025-06-10,25.4,113,68,5.1,4.7,Moderate
RESIDENT_00621,2026-06-14,19.6,114,71,5.0,5.0,Low
RESIDENT_00623,2026-02-07,21.1,120,76,5.6,5.6,Low
RESIDENT_00625,2025-05-14,21.7,107,64,5.6,5.7,Low
RESIDENT_00625,2026-02-21,27.8,125,78,4.6,4.4,Moderate
RESIDENT_00630,2026-02-01,23.5,128,85,4.5,5.1,Low
RESIDENT_00631,2026-06-02,25.0,107,74,6.2,5.6,Moderate
RESIDENT_00634,2025-06-22,22.1,113,75,5.9,4.8,Low
RESIDENT_00634,2026-03-04,21.2,127,88,4.9,3.6,Low
RESIDENT_00636,2026-02-26,23.2,125,81,5.6,4.9,Low
RESIDENT_00639,2025-04-24,21.9,134,88,4.7,4.3,Moderate
RESIDENT_00639,2026-04-22,25.9,120,73,5.7,5.7,Moderate
RESIDENT_00641,2025-05-16,20.5,109,73,5.2,4.6,Low
RESIDENT_00641,2026-03-14,30.0,122,83,5.4,5.5,Moderate
RESIDENT_00642,2025-04-19,25.9,116,76,5.4,4.9,Moderate
RESIDENT_00642,2026-04-14,24.6,119,78,5.6,4.5,Low
RESIDENT_00643,2026-03-02,23.5,148,95,5.7,4.9,Moderate
RESIDENT_00645,2025-02-04,27.3,143,90,6.3,4.8,High
RESIDENT_00645,2026-01-22,20.4,96,65,5.3,5.5,Low
RESIDENT_00648,2025-04-01,26.4,115,76,5.7,5.8,Moderate
RESIDENT_00648,2026-06-04,22.7,105,67,6.5,5.6,Moderate
RESIDENT_00650,2026-05-16,20.3,133,81,4.7,4.5,Moderate
RESIDENT_00653,2026-03-17,28.0,130,82,4.9,7.0,High
RESIDENT_00658,2025-01-07,19.2,129,88,4.6,4.8,Low
RESIDENT_00658,2026-05-09,28.9,115,79,5.5,5.3,Moderate
RESIDENT_00660,2026-05-17,27.3,120,82,6.9,5.7,Moderate
RESIDENT_00661,2026-06-09,25.3,130,87,4.4,5.4,Moderate
RESIDENT_00662,2026-02-19,27.5,116,74,4.4,5.1,Moderate
RESIDENT_00663,2026-02-13,28.4,113,74,6.6,5.0,High
RESIDENT_00664,2026-01-06,27.6,108,71,6.2,4.7,High
RESIDENT_00667,2026-04-20,19.9,136,84,5.0,5.1,Moderate
RESIDENT_00668,2025-02-27,22.5,112,71,5.4,6.2,Moderate
RESIDENT_00668,2026-03-28,22.3,134,89,4.9,4.7,Moderate
RESIDENT_00669,2026-04-09,22.2,106,72,4.6,5.0,Low
RESIDENT_00671,2025-03-02,29.9,125,86,5.9,5.2,Moderate
RESIDENT_00671,2026-05-01,26.1,128,86,5.9,5.5,Moderate
RESIDENT_00672,2026-05-21,28.3,130,87,4.7,5.8,High
RESIDENT_00673,2026-02-26,21.9,125,84,6.1,3.5,Moderate
RESIDENT_00674,2026-06-08,23.8,128,89,5.4,5.6,Low
RESIDENT_00675,2025-06-19,24.6,116,70,5.2,4.6,Low
RESIDENT_00675,2026-02-11,17.4,106,72,5.3,3.7,Low
RESIDENT_00676,2026-01-28,18.5,141,97,5.9,4.9,Moderate
RESIDENT_00683,2026-05-13,25.5,129,89,4.7,5.2,Moderate
RESIDENT_00684,2025-02-11,25.3,116,74,6.4,4.9,Moderate
RESIDENT_00684,2026-06-01,20.2,115,74,5.6,4.6,Low
RESIDENT_00685,2025-04-25,20.9,117,70,5.4,5.8,Low
RESIDENT_00685,2026-05-13,27.3,118,73,5.7,4.8,Moderate
RESIDENT_00688,2026-04-08,27.4,140,89,4.6,5.1,High
RESIDENT_00690,2026-01-03,25.7,126,87,5.4,3.2,Moderate
RESIDENT_00692,2026-04-06,25.2,119,76,4.4,3.8,Moderate
RESIDENT_00693,2026-06-12,23.2,136,86,5.0,5.0,Moderate
RESIDENT_00695,2026-05-04,26.4,134,89,5.0,4.7,Moderate
RESIDENT_00696,2025-03-27,21.2,113,72,5.3,4.6,Low
RESIDENT_00696,2026-03-02,16.3,129,81,5.3,4.4,Low
RESIDENT_00697,2026-05-20,22.5,113,71,5.9,6.1,Low
RESIDENT_00698,2026-01-06,24.6,135,81,5.3,6.0,Moderate
RESIDENT_00699,2026-06-04,17.9,109,74,5.1,5.7,Low
RESIDENT_00700,2026-05-25,24.6,122,79,6.4,4.7,Moderate
RESIDENT_00702,2025-05-04,28.7,117,75,4.7,4.1,Moderate
RESIDENT_00702,2026-02-08,25.2,134,91,5.5,3.5,Moderate
RESIDENT_00703,2026-03-24,20.4,132,85,5.5,5.3,Moderate
RESIDENT_00704,2026-06-18,24.0,134,85,5.5,4.9,Moderate
RESIDENT_00705,2025-03-12,25.5,116,74,5.2,5.1,Moderate
RESIDENT_00705,2026-01-18,24.6,128,83,5.9,6.2,Moderate
RESIDENT_00708,2025-01-13,23.8,117,81,6.1,5.9,Moderate
RESIDENT_00708,2026-02-04,27.1,124,77,5.7,4.9,Moderate
RESIDENT_00711,2025-03-23,18.3,125,82,4.6,6.4,Moderate
RESIDENT_00711,2026-03-08,22.9,95,65,5.2,5.5,Low
RESIDENT_00712,2026-05-17,21.1,117,80,5.0,4.4,Low
RESIDENT_00713,2026-06-09,22.8,124,78,4.8,4.7,Low
RESIDENT_00714,2026-02-26,26.4,125,84,5.5,6.3,Moderate
RESIDENT_00715,2025-05-23,30.3,142,88,4.9,6.5,High
RESIDENT_00715,2026-06-14,31.3,127,80,6.0,6.2,High
RESIDENT_00716,2026-03-28,25.7,111,76,5.4,6.3,Moderate
RESIDENT_00719,2026-05-13,22.8,144,96,5.6,5.5,Moderate
RESIDENT_00720,2025-06-19,21.3,137,85,5.5,5.4,Moderate
RESIDENT_00720,2026-01-19,23.4,135,92,6.1,5.7,Moderate
RESIDENT_00721,2026-02-09,31.4,141,85,5.2,6.0,High
RESIDENT_00722,2026-03-01,20.7,112,70,5.9,4.3,Low
RESIDENT_00727,2025-03-11,21.5,143,91,5.1,4.7,Moderate
RESIDENT_00727,2026-06-07,23.2,127,77,5.5,5.5,Low
RESIDENT_00728,2026-05-14,29.3,132,88,6.1,6.6,High
RESIDENT_00729,2026-03-04,22.4,144,89,7.2,4.9,High
RESIDENT_00730,2026-04-11,22.6,108,74,5.6,4.4,Low
RESIDENT_00734,2026-03-28,21.7,133,92,6.0,5.1,Moderate
RESIDENT_00735,2026-03-28,17.2,124,82,5.1,4.7,Low
RESIDENT_00738,2026-05-04,22.8,127,83,5.4,5.8,Low
RESIDENT_00742,2026-03-07,25.3,114,72,6.0,4.1,Moderate
RESIDENT_00743,2026-06-08,28.8,105,65,6.2,5.2,High
RESIDENT_00744,2025-02-08,25.4,120,74,5.6,4.8,Moderate
RESIDENT_00744,2026-06-07,28.7,142,92,6.0,4.7,High
RESIDENT_00745,2025-02-09,23.9,117,79,5.1,4.4,Low
RESIDENT_00745,2026-02-19,22.2,109,65,4.5,4.0,Low
RESIDENT_00746,2026-04-17,25.1,115,71,6.4,5.2,Moderate
RESIDENT_00747,2025-06-15,29.2,118,71,6.1,4.6,High
RESIDENT_00747,2026-04-10,24.1,118,78,6.0,3.6,Low
RESIDENT_00749,2026-06-03,23.5,138,88,6.5,5.4,Moderate
RESIDENT_00750,2025-06-12,22.5,111,67,4.6,4.6,Low
RESIDENT_00750,2026-05-21,24.4,114,78,5.7,4.4,Low
RESIDENT_00753,2026-04-09,25.1,118,79,5.5,4.9,Moderate
RESIDENT_00754,2026-03-27,18.5,111,69,5.4,4.7,Low
RESIDENT_00756,2026-02-19,25.2,131,89,6.2,5.4,High
RESIDENT_00757,2026-03-23,24.5,119,74,6.1,5.6,Moderate
RESIDENT_00758,2026-05-24,29.4,133,86,5.3,5.2,High
RESIDENT_00759,2026-06-27,22.6,120,80,5.4,5.2,Low
RESIDENT_00763,2026-05-14,26.3,112,70,6.0,5.7,Moderate
RESIDENT_00764,2026-01-28,23.1,129,87,6.9,5.4,Moderate
RESIDENT_00765,2026-05-24,26.3,122,82,4.3,5.8,Moderate
RESIDENT_00766,2025-05-12,26.9,102,64,5.3,5.4,Moderate
RESIDENT_00766,2026-01-04,26.2,109,73,5.5,5.7,Moderate
RESIDENT_00768,2026-04-02,27.1,118,76,4.5,4.8,Moderate
RESIDENT_00769,2026-04-21,28.0,122,78,5.2,5.1,Moderate
RESIDENT_00774,2025-03-01,24.4,129,82,5.2,5.3,Low
RESIDENT_00774,2026-03-13,20.8,132,91,5.0,5.2,Moderate
RESIDENT_00777,2025-04-15,22.6,137,87,5.3,5.9,Moderate
RESIDENT_00777,2026-01-25,22.9,116,80,6.3,4.8,Moderate
RESIDENT_00778,2025-03-14,26.0,119,82,6.0,6.1,Moderate
RESIDENT_00778,2026-02-06,21.8,121,74,5.6,5.4,Low
RESIDENT_00779,2026-05-11,19.4,123,83,6.1,3.7,Moderate
RESIDENT_00780,2025-02-24,24.5,132,82,5.4,4.7,Moderate
RESIDENT_00780,2026-02-25,20.3,133,89,6.3,5.3,Moderate
RESIDENT_00783,2025-03-28,22.4,117,75,6.4,5.1,Moderate
RESIDENT_00783,2026-02-15,21.6,132,88,5.7,4.6,Moderate
RESIDENT_00784,2025-01-06,27.3,138,85,5.4,5.8,Moderate
RESIDENT_00784,2026-03-28,30.6,127,76,5.2,4.7,Moderate
RESIDENT_00785,2026-01-19,22.8,129,89,5.9,5.0,Low
RESIDENT_00786,2026-03-03,20.4,125,79,6.0,6.0,Low
RESIDENT_00787,2026-01-13,23.7,113,72,5.8,5.0,Low
RESIDENT_00788,2025-06-11,24.0,124,78,6.3,5.5,Moderate
RESIDENT_00788,2026-06-18,19.5,140,93,4.8,5.5,Moderate
RESIDENT_00789,2026-03-18,20.2,127,76,5.5,5.4,Low
RESIDENT_00790,2025-02-05,22.5,123,77,4.6,4.8,Low
RESIDENT_00790,2026-04-07,20.7,115,75,5.7,3.9,Low
RESIDENT_00792,2026-02-11,27.3,122,80,4.7,5.2,Moderate
RESIDENT_00794,2026-04-27,20.1,135,94,5.0,4.8,Moderate
RESIDENT_00795,2026-06-12,25.2,119,82,6.0,3.8,Moderate
RESIDENT_00796,2026-04-06,24.4,123,79,6.3,5.6,Moderate
RESIDENT_00797,2026-02-24,24.1,131,83,5.6,6.5,Moderate
RESIDENT_00798,2025-04-25,23.6,128,82,6.1,5.6,Moderate
RESIDENT_00798,2026-04-14,24.4,109,67,5.8,5.1,Low
RESIDENT_00800,2026-06-01,21.8,128,86,5.6,5.7,Low
RESIDENT_00801,2026-04-05,21.9,127,86,4.5,4.2,Low
RESIDENT_00802,2025-05-07,25.0,125,84,5.2,6.6,Moderate
RESIDENT_00802,2026-06-06,24.8,102,67,5.7,6.2,Moderate
RESIDENT_00808,2026-04-09,24.6,117,73,4.6,5.6,Low
RESIDENT_00811,2026-01-13,29.9,128,77,4.9,4.4,Moderate
RESIDENT_00812,2025-05-05,26.1,130,90,5.7,4.4,Moderate
RESIDENT_00812,2026-04-28,21.0,139,87,6.0,5.7,Moderate
RESIDENT_00814,2026-03-05,21.3,115,74,5.5,5.4,Low
RESIDENT_00815,2025-05-08,23.5,120,79,5.3,6.6,Moderate
RESIDENT_00815,2026-03-02,21.9,135,91,5.0,4.9,Moderate
RESIDENT_00818,2026-04-12,29.9,116,81,6.0,5.1,Moderate
RESIDENT_00819,2026-03-09,20.8,119,74,5.7,5.6,Low
RESIDENT_00820,2026-01-01,26.1,130,79,6.1,4.6,High
RESIDENT_00821,2026-04-20,31.5,118,75,6.3,6.1,High
RESIDENT_00822,2026-02-22,22.2,114,73,5.7,4.5,Low
RESIDENT_00823,2026-01-14,22.0,121,73,4.5,5.9,Low
RESIDENT_00826,2026-04-06,26.7,134,90,5.5,4.5,Moderate
RESIDENT_00827,2026-06-11,22.7,136,89,6.5,4.0,Moderate
RESIDENT_00828,2026-01-06,23.0,116,78,5.3,5.4,Low
RESIDENT_00830,2025-01-02,24.1,113,70,5.9,5.2,Low
RESIDENT_00830,2026-06-25,28.0,107,68,5.4,4.5,Moderate
RESIDENT_00831,2026-06-08,23.6,126,86,5.3,6.0,Low
RESIDENT_00833,2026-06-12,19.0,143,98,5.3,5.2,Moderate
RESIDENT_00835,2026-03-24,29.2,137,92,5.9,5.8,High
RESIDENT_00836,2025-03-20,20.7,127,81,5.2,5.1,Low
RESIDENT_00836,2026-01-04,24.5,126,85,5.6,5.1,Low
RESIDENT_00837,2025-03-25,23.8,115,79,5.5,3.8,Low
RESIDENT_00837,2026-06-05,24.4,142,89,5.1,5.3,Moderate
RESIDENT_00838,2026-02-25,27.1,117,78,5.3,5.2,Moderate
RESIDENT_00839,2025-04-10,24.8,133,80,5.8,5.9,Moderate
RESIDENT_00839,2026-02-02,25.3,123,76,5.8,5.4,Moderate
RESIDENT_00841,2025-01-25,22.4,136,92,4.9,5.0,Moderate
RESIDENT_00841,2026-03-21,19.1,114,73,5.6,5.0,Low
RESIDENT_00843,2026-05-01,24.4,108,72,6.3,5.2,Moderate
RESIDENT_00844,2026-03-07,22.5,132,87,6.3,4.4,Moderate
RESIDENT_00845,2026-04-25,25.6,116,71,6.0,5.3,Moderate
RESIDENT_00846,2025-05-24,27.5,135,87,5.4,4.8,High
RESIDENT_00846,2026-04-25,23.7,117,74,5.3,4.1,Low
RESIDENT_00847,2025-01-22,17.0,97,59,5.5,4.6,Low
RESIDENT_00847,2026-02-28,26.2,128,85,5.8,5.5,Moderate
RESIDENT_00850,2026-03-17,26.1,108,70,4.8,6.0,Moderate
RESIDENT_00851,2026-04-25,24.2,123,76,5.0,6.0,Low
RESIDENT_00853,2026-05-28,28.0,133,90,5.3,5.0,High
RESIDENT_00855,2025-04-17,21.8,117,71,6.6,6.5,Moderate
RESIDENT_00855,2026-06-23,22.8,114,73,6.1,5.2,Moderate
RESIDENT_00856,2026-02-06,28.5,122,73,6.1,5.3,High
RESIDENT_00857,2026-02-25,19.9,107,72,5.6,5.1,Low
RESIDENT_00859,2025-02-15,23.1,124,81,5.6,5.8,Low
RESIDENT_00859,2026-05-02,21.1,129,89,6.6,5.8,Moderate
RESIDENT_00860,2026-04-11,24.7,112,70,5.2,5.0,Low
RESIDENT_00861,2025-03-12,25.4,125,75,5.4,4.2,Moderate
RESIDENT_00861,2026-03-09,28.7,122,80,6.2,5.3,High
RESIDENT_00863,2026-06-04,28.0,142,89,5.1,4.5,High
RESIDENT_00864,2026-06-16,23.8,151,98,6.2,5.2,High
RESIDENT_00865,2026-04-16,18.6,131,91,5.1,4.2,Moderate
RESIDENT_00866,2025-02-23,32.5,116,79,5.6,5.8,Moderate
RESIDENT_00866,2026-01-01,23.8,118,78,5.9,6.2,Moderate
RESIDENT_00868,2026-06-27,23.1,114,70,5.6,5.7,Low
RESIDENT_00870,2026-01-19,27.3,123,80,5.5,6.1,Moderate
RESIDENT_00871,2026-04-24,28.0,128,78,5.9,5.9,Moderate
RESIDENT_00873,2025-03-15,24.9,142,93,6.3,5.8,High
RESIDENT_00873,2026-05-17,22.1,124,82,6.0,4.7,Low
RESIDENT_00875,2026-04-08,27.4,133,82,5.4,5.1,Moderate
RESIDENT_00876,2026-02-04,23.5,127,76,6.0,4.0,Low
RESIDENT_00878,2026-04-03,25.5,133,86,6.0,7.2,High
RESIDENT_00879,2026-06-26,24.5,116,71,5.7,5.7,Low
RESIDENT_00881,2025-03-24,23.3,127,81,5.6,5.4,Low
RESIDENT_00881,2026-02-21,16.5,117,79,5.0,4.3,Low
RESIDENT_00884,2026-06-17,27.2,138,83,4.9,5.9,Moderate
RESIDENT_00885,2025-06-18,25.3,122,81,5.6,4.1,Moderate
RESIDENT_00885,2026-05-18,22.8,135,90,5.6,5.7,Moderate
RESIDENT_00886,2026-01-22,21.5,111,75,5.9,4.4,Low
RESIDENT_00887,2026-06-14,25.7,113,79,4.2,5.4,Moderate
RESIDENT_00888,2025-06-19,19.4,118,78,6.1,5.7,Moderate
RESIDENT_00888,2026-04-01,23.0,107,66,5.9,5.9,Low
RESIDENT_00892,2026-02-13,25.0,125,80,5.2,3.2,Moderate
RESIDENT_00894,2026-06-03,19.5,125,77,5.6,3.2,Low
RESIDENT_00895,2026-05-20,22.6,103,67,5.8,4.7,Low
RESIDENT_00896,2026-02-16,24.1,126,76,5.1,6.3,Moderate
RESIDENT_00897,2026-01-05,23.6,127,83,4.5,4.6,Low
RESIDENT_00899,2026-03-13,23.1,118,77,4.8,4.7,Low
RESIDENT_00900,2026-03-12,23.0,92,64,4.9,5.1,Low
RESIDENT_00901,2025-05-01,26.3,123,77,5.1,5.5,Moderate
RESIDENT_00901,2026-04-07,24.9,124,74,5.1,5.4,Low
RESIDENT_00902,2026-04-16,25.0,158,98,5.0,4.3,High
RESIDENT_00906,2025-04-19,23.2,118,71,5.6,5.2,Low
RESIDENT_00906,2026-02-09,25.0,123,76,5.4,5.0,Moderate
RESIDENT_00907,2025-05-20,28.1,115,78,7.1,5.4,High
RESIDENT_00907,2026-05-09,26.7,130,82,5.1,4.8,Moderate
RESIDENT_00910,2025-03-01,26.5,142,91,6.5,5.4,High
RESIDENT_00910,2026-05-19,24.2,125,76,5.4,5.9,Low
RESIDENT_00912,2026-03-20,21.4,123,76,5.6,4.3,Low
RESIDENT_00914,2025-03-14,27.3,134,80,5.2,5.8,Moderate
RESIDENT_00914,2026-02-20,23.2,106,64,5.9,4.2,Low
RESIDENT_00915,2025-02-18,24.7,120,73,6.4,5.7,Moderate
RESIDENT_00915,2026-04-12,17.1,123,74,4.8,5.7,Low
RESIDENT_00916,2025-04-15,23.4,124,83,6.1,5.3,Moderate
RESIDENT_00916,2026-05-21,30.5,104,63,5.0,5.7,Moderate
RESIDENT_00920,2025-02-24,20.9,106,68,6.0,5.9,Low
RESIDENT_00920,2026-03-11,28.8,126,80,4.5,6.3,High
RESIDENT_00922,2026-01-10,31.0,125,76,6.9,5.1,High
RESIDENT_00924,2026-06-11,26.6,113,78,5.9,4.8,Moderate
RESIDENT_00925,2025-03-27,19.1,104,68,4.5,6.0,Low
RESIDENT_00925,2026-01-20,27.7,117,76,5.2,5.2,Moderate
RESIDENT_00929,2025-04-24,19.2,116,80,6.2,6.0,Moderate
RESIDENT_00929,2026-05-11,23.6,101,61,5.4,6.0,Low
RESIDENT_00930,2026-05-14,23.6,110,69,6.3,5.3,Moderate
RESIDENT_00931,2025-06-26,25.2,134,81,5.1,4.4,Moderate
RESIDENT_00931,2026-04-03,20.3,142,95,4.9,3.4,Moderate
RESIDENT_00934,2025-01-19,25.9,123,74,4.5,5.6,Moderate
RESIDENT_00934,2026-04-26,22.8,142,92,5.1,5.6,Moderate
RESIDENT_00935,2026-01-12,23.5,103,64,5.7,4.5,Low
RESIDENT_00938,2025-01-21,25.4,112,70,4.5,4.7,Moderate
RESIDENT_00938,2026-01-06,22.7,104,72,5.3,5.2,Low
RESIDENT_00940,2025-05-06,26.3,134,85,5.7,4.5,Moderate
RESIDENT_00940,2026-05-02,24.5,112,74,5.4,4.8,Low
RESIDENT_00941,2026-02-17,23.0,126,87,6.9,4.0,Moderate
RESIDENT_00943,2025-01-26,18.1,130,79,4.9,4.1,Moderate
RESIDENT_00943,2026-04-06,25.5,124,76,6.2,5.2,Moderate
RESIDENT_00945,2026-05-19,19.9,114,74,5.8,6.3,Moderate
RESIDENT_00946,2026-06-12,24.4,122,74,4.9,4.5,Low
RESIDENT_00948,2025-03-24,26.3,136,82,6.2,6.0,High
RESIDENT_00948,2026-05-10,24.4,137,93,6.8,6.4,High
RESIDENT_00949,2026-02-01,27.0,127,80,4.7,5.5,Moderate
RESIDENT_00950,2026-06-21,25.1,137,82,5.8,4.7,Moderate
RESIDENT_00951,2026-02-17,25.5,118,77,5.8,5.7,Moderate
RESIDENT_00952,2025-03-13,19.2,124,79,5.5,4.5,Low
RESIDENT_00952,2026-04-03,25.3,145,101,4.9,5.5,High
RESIDENT_00954,2026-04-07,29.5,119,78,4.0,4.6,Moderate
RESIDENT_00959,2025-06-14,27.2,134,80,5.6,4.8,Moderate
RESIDENT_00959,2026-06-25,22.7,121,84,5.5,4.4,Low
RESIDENT_00960,2025-06-24,25.5,131,78,5.0,5.6,Moderate
RESIDENT_00960,2026-05-11,20.4,117,73,5.4,4.7,Low
RESIDENT_00962,2026-05-08,25.0,115,72,4.0,6.2,Moderate
RESIDENT_00963,2025-02-04,22.4,140,95,5.4,4.6,Moderate
RESIDENT_00963,2026-06-12,19.9,135,91,6.6,4.6,Moderate
RESIDENT_00964,2026-04-05,22.6,142,89,5.6,5.9,Moderate
RESIDENT_00965,2025-03-03,23.1,94,62,5.0,6.2,Moderate
RESIDENT_00965,2026-06-13,28.7,114,69,5.2,5.0,Moderate
RESIDENT_00966,2026-02-17,25.9,118,71,5.8,5.2,Moderate
RESIDENT_00967,2026-04-27,24.0,110,73,5.5,5.8,Low
RESIDENT_00969,2025-03-22,31.0,127,88,5.2,6.0,Moderate
RESIDENT_00969,2026-05-27,26.4,127,81,6.3,4.0,Moderate
RESIDENT_00971,2026-02-27,27.9,113,70,5.2,4.0,Moderate
RESIDENT_00972,2025-04-27,24.8,80,48,5.6,4.6,Low
RESIDENT_00972,2026-04-26,26.1,131,89,5.1,5.7,Moderate
RESIDENT_00973,2025-06-23,21.0,144,93,6.4,4.9,High
RESIDENT_00973,2026-03-27,22.9,147,91,5.6,5.6,Moderate
RESIDENT_00974,2026-04-14,26.4,119,75,5.3,4.1,Moderate
RESIDENT_00975,2026-02-04,19.8,123,83,5.1,4.5,Low
RESIDENT_00976,2025-03-09,23.4,110,76,6.1,4.7,Moderate
RESIDENT_00976,2026-06-28,23.6,98,68,5.1,4.9,Low
RESIDENT_00977,2026-06-26,25.7,102,64,7.3,6.1,High
RESIDENT_00978,2026-05-28,23.2,139,85,5.4,4.3,Moderate
RESIDENT_00979,2026-06-02,22.3,138,95,5.4,5.7,Moderate
RESIDENT_00980,2025-04-06,23.5,111,71,5.5,4.7,Low
RESIDENT_00980,2026-04-28,23.2,114,69,5.9,5.9,Low
RESIDENT_00981,2026-02-14,22.6,122,81,5.5,5.6,Low
RESIDENT_00983,2025-01-05,24.4,109,67,4.4,6.0,Low
RESIDENT_00983,2026-04-13,24.3,92,62,5.1,4.5,Low
RESIDENT_00984,2026-02-05,25.2,124,81,5.7,4.9,Moderate
RESIDENT_00986,2026-05-23,27.8,137,86,5.7,5.8,High
RESIDENT_00987,2025-06-13,22.9,128,83,6.8,5.1,Moderate
RESIDENT_00987,2026-01-26,23.2,145,93,5.9,6.5,High
RESIDENT_00991,2025-03-01,26.3,118,76,5.7,3.5,Moderate
RESIDENT_00991,2026-02-06,19.7,117,80,4.4,4.9,Low
RESIDENT_00994,2026-05-27,24.3,126,86,5.1,5.1,Low
RESIDENT_00995,2026-06-18,30.0,129,77,5.5,4.7,Moderate
RESIDENT_00996,2026-06-20,29.9,128,81,5.8,6.4,High
RESIDENT_00997,2026-02-04,22.6,120,82,5.6,5.1,Low
RESIDENT_00998,2026-05-03,24.0,136,94,4.2,5.4,Moderate
RESIDENT_00999,2026-03-15,22.4,133,86,4.9,5.2,Moderate
RESIDENT_01000,2026-01-01,27.9,142,95,5.1,5.6,High
RESIDENT_01001,2026-04-12,24.5,114,78,4.8,5.4,Low
RESIDENT_01002,2026-05-04,18.9,115,77,6.6,6.0,Moderate
RESIDENT_01003,2026-02-02,27.4,117,77,5.9,5.7,Moderate
RESIDENT_01005,2026-01-20,23.5,129,78,5.0,4.7,Low
RESIDENT_01006,2026-06-17,23.5,122,78,6.0,4.3,Low
RESIDENT_01007,2026-04-17,26.2,121,79,4.8,6.0,Moderate
RESIDENT_01008,2026-04-21,24.9,124,76,5.6,4.9,Low
RESIDENT_01009,2025-05-07,25.3,139,93,5.3,4.6,Moderate
RESIDENT_01009,2026-02-10,26.1,134,87,5.4,4.7,Moderate
RESIDENT_01010,2026-03-23,19.9,121,76,5.4,7.4,Moderate
RESIDENT_01011,2026-03-08,25.5,139,96,5.6,6.4,High
RESIDENT_01012,2025-03-01,27.5,128,82,6.3,6.5,High
RESIDENT_01012,2026-06-01,24.9,141,91,5.7,5.7,Moderate
RESIDENT_01014,2026-03-09,26.3,121,83,5.4,5.1,Moderate
RESIDENT_01016,2025-05-07,22.0,95,64,4.4,4.4,Low
RESIDENT_01016,2026-05-13,19.2,120,79,5.3,3.9,Low
RESIDENT_01018,2026-01-04,27.8,151,93,6.5,5.2,High
RESIDENT_01019,2025-05-08,21.5,130,78,6.8,5.4,Moderate
RESIDENT_01019,2026-06-04,25.6,130,81,6.7,5.9,High
RESIDENT_01021,2025-03-07,22.7,126,84,4.7,5.3,Low
RESIDENT_01021,2026-02-27,22.0,128,80,5.3,5.1,Low
RESIDENT_01023,2025-05-19,27.8,118,73,5.8,5.2,Moderate
RESIDENT_01023,2026-04-17,19.2,126,87,6.2,4.0,Moderate
RESIDENT_01024,2025-03-24,26.1,148,95,6.7,4.0,High
RESIDENT_01024,2026-05-01,18.7,127,87,5.2,4.7,Low
RESIDENT_01025,2025-01-27,27.8,117,78,5.2,4.5,Moderate
RESIDENT_01025,2026-01-19,22.9,122,76,5.9,5.0,Low
RESIDENT_01027,2026-05-18,27.4,153,96,5.0,5.2,High
RESIDENT_01028,2026-03-23,22.6,114,70,4.3,5.3,Low
RESIDENT_01029,2025-01-12,22.3,128,77,5.4,5.0,Low
RESIDENT_01029,2026-02-03,23.1,133,87,5.9,5.6,Moderate
RESIDENT_01031,2025-06-03,19.4,133,84,5.0,4.8,Moderate
RESIDENT_01031,2026-01-10,25.4,125,83,4.5,4.6,Moderate
RESIDENT_01033,2026-03-10,23.0,109,74,6.1,4.7,Moderate
RESIDENT_01034,2025-01-10,21.8,117,72,6.2,6.2,Moderate
RESIDENT_01034,2026-04-23,26.6,124,77,5.4,5.9,Moderate
RESIDENT_01035,2025-06-07,26.8,133,80,5.6,4.7,Moderate
RESIDENT_01035,2026-01-21,23.2,106,63,5.2,6.0,Low
RESIDENT_01036,2025-03-24,33.4,103,71,4.6,5.7,Moderate
RESIDENT_01036,2026-03-27,24.5,145,95,6.6,5.9,High
RESIDENT_01037,2026-01-08,24.3,118,71,6.1,5.5,Moderate
RESIDENT_01038,2026-02-24,20.6,120,80,4.4,4.8,Low
RESIDENT_01040,2026-06-16,17.4,124,84,6.3,5.1,Moderate
RESIDENT_01041,2026-04-14,25.5,131,88,5.7,5.7,Moderate
RESIDENT_01042,2026-04-11,28.7,148,89,5.5,5.2,High
RESIDENT_01043,2025-04-16,22.0,135,83,5.9,5.2,Moderate
RESIDENT_01043,2026-03-16,23.7,109,71,4.3,4.8,Low
RESIDENT_01044,2026-01-17,25.9,121,80,4.8,5.6,Moderate
RESIDENT_01045,2026-01-08,25.3,129,82,5.5,5.4,Moderate
RESIDENT_01046,2025-03-10,24.9,126,75,5.0,6.5,Moderate
RESIDENT_01046,2026-02-26,25.0,114,75,5.3,4.7,Moderate
RESIDENT_01047,2026-03-23,20.8,113,78,5.2,5.5,Low
RESIDENT_01048,2026-03-04,25.7,135,85,5.4,5.5,Moderate
RESIDENT_01049,2026-02-20,23.4,100,68,5.4,5.3,Low
RESIDENT_01050,2025-01-05,15.0,117,81,4.2,3.9,Low
RESIDENT_01050,2026-01-13,22.4,133,84,5.5,6.0,Moderate
RESIDENT_01051,2026-04-23,23.6,129,77,5.9,5.4,Low
RESIDENT_01052,2026-05-01,19.8,120,74,5.4,5.3,Low
RESIDENT_01058,2026-04-09,26.7,143,88,6.1,3.9,High
RESIDENT_01059,2026-03-03,28.0,134,87,5.9,4.4,High
RESIDENT_01061,2025-06-11,26.1,113,78,4.7,5.1,Moderate
RESIDENT_01061,2026-04-04,28.8,129,79,5.6,6.3,High
RESIDENT_01062,2026-02-03,23.1,126,76,4.6,5.3,Low
RESIDENT_01063,2026-06-09,26.8,120,72,5.6,4.5,Moderate
RESIDENT_01064,2026-06-09,26.5,117,72,6.1,4.3,Moderate
RESIDENT_01067,2025-02-25,22.2,142,85,5.3,4.1,Moderate
RESIDENT_01067,2026-04-15,21.7,119,82,5.5,4.5,Low
RESIDENT_01068,2026-02-27,24.1,135,90,5.7,5.1,Moderate
RESIDENT_01071,2025-06-03,30.5,104,67,5.0,4.4,Moderate
RESIDENT_01071,2026-06-01,29.5,115,73,5.8,5.4,Moderate
RESIDENT_01072,2026-06-26,24.4,126,86,4.9,3.5,Low
RESIDENT_01074,2026-05-17,28.5,129,87,4.1,5.6,Moderate
RESIDENT_01075,2025-03-28,27.5,119,73,5.1,5.6,Moderate
RESIDENT_01075,2026-05-19,25.7,130,82,4.6,6.6,High
RESIDENT_01076,2025-02-02,27.7,93,63,5.7,5.2,Moderate
RESIDENT_01076,2026-04-27,33.5,123,84,4.9,4.8,Moderate
RESIDENT_01078,2026-02-27,20.3,98,68,5.6,5.8,Low
RESIDENT_01080,2026-05-12,24.6,107,64,4.6,4.2,Low
RESIDENT_01083,2025-03-11,22.2,124,78,5.1,3.9,Low
RESIDENT_01083,2026-02-09,22.4,126,83,4.4,4.9,Low
RESIDENT_01084,2025-02-25,19.7,117,81,5.1,4.2,Low
RESIDENT_01084,2026-05-11,29.8,129,87,5.2,5.4,Moderate
RESIDENT_01085,2026-05-08,22.8,105,66,6.3,3.4,Moderate
RESIDENT_01089,2026-06-06,23.9,126,83,5.7,5.7,Low
RESIDENT_01090,2025-05-03,27.4,120,73,5.5,4.9,Moderate
RESIDENT_01090,2026-01-13,22.4,116,76,4.2,4.8,Low
RESIDENT_01091,2026-04-23,30.0,140,94,5.2,5.4,High
RESIDENT_01092,2026-03-14,28.9,108,65,5.3,4.9,Moderate
RESIDENT_01093,2025-01-20,22.2,124,79,5.8,4.0,Low
RESIDENT_01093,2026-05-24,25.1,150,94,6.5,4.7,High
RESIDENT_01095,2025-03-22,20.7,121,83,4.8,5.2,Low
RESIDENT_01095,2026-03-16,21.2,123,83,4.7,4.9,Low
RESIDENT_01100,2026-06-16,24.2,128,80,6.6,5.4,Moderate
RESIDENT_01101,2026-05-01,26.2,137,85,4.5,4.3,Moderate
RESIDENT_01102,2026-01-08,20.3,105,70,4.7,6.0,Low
RESIDENT_01103,2026-02-18,25.1,135,92,6.0,5.8,Moderate
RESIDENT_01106,2026-02-04,16.7,117,77,4.9,5.2,Low
RESIDENT_01107,2026-06-06,23.5,129,84,5.7,4.5,Low
RESIDENT_01109,2026-02-24,26.4,118,74,6.2,5.3,Moderate
RESIDENT_01110,2025-03-20,26.2,125,76,6.4,5.8,Moderate
RESIDENT_01110,2026-01-05,26.8,118,75,5.6,6.0,Moderate
RESIDENT_01111,2025-02-06,24.0,115,78,4.5,5.7,Low
RESIDENT_01111,2026-05-10,26.7,120,76,5.1,4.6,Moderate
RESIDENT_01112,2026-04-20,26.0,144,87,5.0,6.1,High
RESIDENT_01113,2026-03-20,25.3,134,81,5.5,4.2,Moderate
RESIDENT_01114,2025-05-06,27.8,123,84,5.4,3.9,Moderate
RESIDENT_01114,2026-03-27,21.8,131,82,5.6,5.3,Moderate
RESIDENT_01116,2025-06-10,25.5,134,81,4.7,6.0,Moderate
RESIDENT_01116,2026-05-04,25.1,130,78,4.8,4.9,Moderate
RESIDENT_01119,2026-04-12,26.6,114,77,5.7,5.6,Moderate
RESIDENT_01120,2026-06-01,26.4,114,73,5.4,4.8,Moderate
RESIDENT_01122,2026-03-19,24.8,107,69,5.8,6.4,Moderate
RESIDENT_01124,2026-03-23,22.7,120,75,6.1,4.7,Moderate
RESIDENT_01126,2026-06-16,28.1,127,77,4.9,5.1,Moderate
RESIDENT_01127,2026-05-22,22.8,132,90,5.4,3.8,Moderate
RESIDENT_01130,2026-04-10,27.0,113,78,4.5,6.2,Moderate
RESIDENT_01131,2026-05-07,24.8,103,70,4.5,5.8,Low
RESIDENT_01133,2026-06-09,22.1,112,78,5.2,3.9,Low
RESIDENT_01134,2025-06-09,17.9,125,76,6.0,5.2,Low
RESIDENT_01134,2026-06-14,20.4,109,71,6.3,5.3,Moderate
RESIDENT_01135,2026-06-24,26.9,124,79,5.2,5.5,Moderate
RESIDENT_01140,2026-01-15,24.2,125,83,5.1,4.8,Low
RESIDENT_01143,2025-02-23,28.0,135,83,5.1,4.5,High
RESIDENT_01143,2026-06-01,29.3,124,85,5.4,5.2,Moderate
RESIDENT_01144,2025-06-16,25.0,128,81,5.9,4.0,Moderate
RESIDENT_01144,2026-05-21,24.8,106,72,6.1,3.7,Moderate
RESIDENT_01145,2026-01-13,20.2,118,71,5.5,3.6,Low
RESIDENT_01146,2026-05-28,22.6,102,64,5.2,4.5,Low
RESIDENT_01147,2025-03-14,23.2,147,101,6.6,4.2,High
RESIDENT_01147,2026-05-15,22.6,149,92,5.0,6.8,High
RESIDENT_01152,2026-03-13,28.9,114,70,5.9,3.4,Moderate
RESIDENT_01153,2026-03-26,24.7,111,70,5.5,5.5,Low
RESIDENT_01154,2026-02-21,25.1,130,82,5.9,4.9,Moderate
RESIDENT_01155,2026-02-21,25.3,126,84,4.7,4.6,Moderate
RESIDENT_01157,2026-05-16,23.9,134,89,4.5,3.3,Moderate
RESIDENT_01160,2026-03-01,27.8,125,76,6.7,6.1,High
RESIDENT_01161,2025-04-20,22.0,128,84,5.3,4.4,Low
RESIDENT_01161,2026-04-23,22.4,99,60,5.4,4.5,Low
RESIDENT_01162,2026-05-02,23.9,110,71,6.3,3.9,Moderate
RESIDENT_01163,2026-03-08,25.4,119,80,5.9,5.6,Moderate
RESIDENT_01165,2026-06-12,21.5,111,68,5.6,5.7,Low
RESIDENT_01166,2025-03-01,22.0,129,84,5.4,5.5,Low
RESIDENT_01166,2026-06-08,24.6,115,69,5.9,4.3,Low
RESIDENT_01167,2026-02-19,21.1,136,90,5.6,5.1,Moderate
RESIDENT_01168,2026-03-28,23.0,117,71,6.1,5.9,Moderate
RESIDENT_01169,2026-06-09,25.4,116,71,5.7,5.1,Moderate
RESIDENT_01172,2026-02-20,27.5,110,66,4.2,5.8,Moderate
RESIDENT_01174,2026-02-04,29.6,122,80,5.5,5.0,Moderate
RESIDENT_01177,2026-04-25,19.3,116,70,4.4,4.8,Low
RESIDENT_01178,2026-01-08,28.1,130,85,5.7,5.1,High
RESIDENT_01179,2025-02-21,23.2,102,71,4.7,5.6,Low
RESIDENT_01179,2026-02-04,22.8,113,78,5.6,5.4,Low
RESIDENT_01181,2025-01-06,28.6,126,85,6.3,4.8,High
RESIDENT_01181,2026-05-08,31.6,122,79,5.1,4.5,Moderate
RESIDENT_01182,2025-05-02,23.0,123,78,5.0,5.5,Low
RESIDENT_01182,2026-03-22,26.1,106,64,4.9,5.0,Moderate
RESIDENT_01183,2025-03-26,28.8,128,80,5.3,4.8,Moderate
RESIDENT_01183,2026-01-09,25.7,126,86,5.1,4.6,Moderate
RESIDENT_01184,2026-03-01,28.8,114,70,5.4,5.1,Moderate
RESIDENT_01185,2025-01-04,23.6,129,82,4.6,4.4,Low
RESIDENT_01185,2026-04-04,23.3,98,59,5.5,5.4,Low
RESIDENT_01186,2026-03-10,27.4,120,76,5.3,5.3,Moderate
RESIDENT_01187,2026-05-07,25.9,121,75,5.4,6.1,Moderate
RESIDENT_01188,2026-05-28,27.0,136,89,5.4,6.3,High
RESIDENT_01189,2026-01-21,30.5,118,74,4.6,5.8,Moderate
RESIDENT_01190,2025-03-27,22.9,142,91,5.6,4.6,Moderate
RESIDENT_01190,2026-02-10,25.6,128,82,6.3,5.2,Moderate
RESIDENT_01192,2025-04-20,23.5,118,77,5.4,5.0,Low
RESIDENT_01192,2026-05-07,27.8,135,84,6.4,4.7,High
RESIDENT_01196,2026-02-01,24.1,114,74,6.9,4.1,Moderate
RESIDENT_01198,2026-05-26,22.2,121,82,4.6,5.8,Low
RESIDENT_01199,2025-03-08,23.7,116,77,5.8,6.2,Moderate
RESIDENT_01199,2026-06-11,20.6,133,82,4.5,4.1,Moderate
RESIDENT_01200,2026-01-08,29.8,119,76,6.3,5.1,High
RESIDENT_01201,2026-06-21,24.7,122,85,4.7,4.2,Low
RESIDENT_01202,2025-01-18,23.0,131,86,5.1,6.1,Moderate
RESIDENT_01202,2026-01-15,22.6,126,85,5.2,6.1,Low
RESIDENT_01204,2026-06-02,19.2,116,78,6.0,5.1,Low
RESIDENT_01205,2025-02-07,24.8,114,69,5.1,5.1,Low
RESIDENT_01205,2026-03-16,23.0,144,98,5.1,4.6,Moderate
RESIDENT_01206,2026-05-19,23.3,138,87,4.9,4.8,Moderate
RESIDENT_01209,2026-05-11,25.2,136,94,5.7,5.6,Moderate
RESIDENT_01212,2025-05-15,20.6,126,83,5.3,4.5,Low
RESIDENT_01212,2026-05-28,22.5,108,72,4.8,5.8,Low
RESIDENT_01213,2026-01-10,20.1,123,85,5.8,5.1,Low
RESIDENT_01215,2026-05-14,23.9,124,83,6.0,5.6,Low
RESIDENT_01216,2026-02-14,26.9,99,66,5.0,4.4,Moderate
RESIDENT_01217,2026-04-23,22.5,108,73,5.7,5.7,Low
RESIDENT_01219,2026-04-21,23.6,132,81,5.8,5.4,Moderate
RESIDENT_01220,2025-04-06,24.7,130,79,5.6,4.8,Moderate
RESIDENT_01220,2026-01-13,23.6,126,87,6.0,6.1,Low
RESIDENT_01223,2025-04-03,18.4,124,76,6.0,5.9,Low
RESIDENT_01223,2026-04-19,27.7,134,90,5.2,5.7,High
RESIDENT_01224,2026-02-27,23.7,118,73,6.0,5.6,Low
RESIDENT_01225,2025-03-07,25.3,131,81,6.3,4.8,High
RESIDENT_01225,2026-03-28,22.6,124,75,4.6,6.2,Moderate
RESIDENT_01227,2026-04-02,19.2,127,76,6.5,4.6,Moderate
RESIDENT_01228,2026-05-03,24.3,107,71,5.2,5.1,Low
RESIDENT_01229,2026-05-28,25.1,134,93,5.1,4.1,Moderate
RESIDENT_01230,2026-04-14,21.1,117,73,5.1,4.8,Low
RESIDENT_01232,2025-01-16,24.2,121,74,5.6,5.9,Low
RESIDENT_01232,2026-03-14,22.8,132,84,5.5,4.1,Moderate
RESIDENT_01235,2026-05-24,23.4,132,79,5.4,4.3,Moderate
RESIDENT_01236,2026-02-21,26.0,136,89,6.3,4.9,High
RESIDENT_01237,2026-01-18,22.4,131,81,4.1,5.3,Moderate
RESIDENT_01238,2026-06-25,19.8,123,77,5.2,4.7,Low
RESIDENT_01239,2025-06-12,26.2,126,87,6.2,6.6,High
RESIDENT_01239,2026-01-12,19.4,113,67,7.0,5.5,Moderate
RESIDENT_01240,2025-03-11,23.9,111,70,4.1,5.0,Low
RESIDENT_01240,2026-06-27,21.6,102,70,4.8,4.2,Low
RESIDENT_01242,2025-05-12,19.3,116,77,6.4,4.5,Moderate
RESIDENT_01242,2026-06-23,21.6,125,84,5.0,5.3,Low
RESIDENT_01243,2025-04-21,27.6,127,85,6.8,5.5,High
RESIDENT_01243,2026-02-16,27.3,114,73,5.7,6.4,Moderate
RESIDENT_01247,2026-01-19,25.2,130,81,5.1,5.4,Moderate
RESIDENT_01249,2026-02-15,30.7,130,79,6.0,4.5,High
RESIDENT_01250,2025-06-05,27.5,110,67,5.6,4.8,Moderate
RESIDENT_01250,2026-03-05,28.1,127,77,5.0,5.7,Moderate
RESIDENT_01251,2026-05-17,22.8,112,75,6.1,5.3,Moderate
RESIDENT_01252,2026-03-20,26.5,149,102,4.9,4.7,High
RESIDENT_01253,2025-05-02,24.3,144,95,5.6,3.8,Moderate
RESIDENT_01253,2026-05-09,24.2,120,82,5.9,5.7,Low
RESIDENT_01254,2025-03-04,22.4,100,64,5.2,5.6,Low
RESIDENT_01254,2026-05-22,23.2,125,79,5.1,3.7,Low
RESIDENT_01255,2026-03-23,26.2,127,87,4.9,5.4,Moderate
RESIDENT_01257,2025-04-01,21.2,135,86,4.9,6.3,Moderate
RESIDENT_01257,2026-06-15,18.4,106,64,5.1,4.8,Low
RESIDENT_01258,2026-01-19,26.6,110,74,5.0,5.8,Moderate
RESIDENT_01260,2026-02-05,23.9,135,82,5.6,5.4,Moderate
RESIDENT_01261,2026-06-23,24.5,118,72,5.5,4.3,Low
RESIDENT_01263,2025-03-14,29.6,148,90,5.4,5.5,High
RESIDENT_01263,2026-02-04,26.2,128,79,6.0,6.0,Moderate
RESIDENT_01266,2026-03-25,20.5,110,69,5.6,4.5,Low
RESIDENT_01267,2026-06-08,19.1,143,94,6.7,4.5,High
RESIDENT_01269,2025-03-08,20.1,102,64,4.2,5.2,Low
RESIDENT_01269,2026-06-09,22.3,132,79,5.5,5.2,Moderate
RESIDENT_01273,2025-03-15,25.2,117,70,5.5,6.1,Moderate
RESIDENT_01273,2026-04-03,26.4,107,71,5.1,5.2,Moderate
RESIDENT_01274,2026-02-09,19.3,129,86,5.7,4.4,Low
RESIDENT_01277,2025-04-05,27.8,122,80,5.6,5.5,Moderate
RESIDENT_01277,2026-03-02,23.3,138,91,5.1,6.2,Moderate
RESIDENT_01278,2026-04-23,23.9,109,68,6.0,4.7,Low
RESIDENT_01279,2025-05-20,18.8,122,80,5.1,5.1,Low
RESIDENT_01279,2026-05-27,21.4,127,80,6.2,4.9,Moderate
RESIDENT_01281,2026-05-16,24.1,122,80,5.4,5.7,Low
RESIDENT_01282,2025-06-27,15.6,119,81,5.8,4.8,Low
RESIDENT_01282,2026-05-05,21.0,113,69,5.5,5.7,Low
RESIDENT_01285,2026-06-23,21.9,122,75,4.8,4.3,Low
RESIDENT_01286,2026-05-14,16.2,116,75,6.0,5.1,Low
RESIDENT_01288,2026-05-03,22.3,114,75,5.9,5.8,Low
RESIDENT_01289,2025-01-21,28.0,101,70,5.7,4.2,Moderate
RESIDENT_01289,2026-02-02,23.1,114,78,5.5,5.7,Low
RESIDENT_01290,2026-03-20,29.7,114,68,5.3,4.3,Moderate
RESIDENT_01291,2026-03-19,23.2,99,63,4.3,4.5,Low
RESIDENT_01293,2026-03-26,24.5,124,75,6.2,4.5,Moderate
RESIDENT_01296,2026-04-21,25.0,125,78,5.5,6.4,Moderate
RESIDENT_01297,2026-01-14,26.7,122,83,5.1,5.7,Moderate
RESIDENT_01298,2026-05-22,23.7,105,66,5.9,4.4,Low
RESIDENT_01300,2026-04-05,30.8,133,84,4.6,6.3,High
RESIDENT_01301,2026-06-19,27.2,120,73,5.5,5.3,Moderate
RESIDENT_01304,2026-04-03,23.5,135,84,4.8,4.6,Moderate
RESIDENT_01305,2026-05-02,25.9,120,80,5.6,3.8,Moderate
RESIDENT_01309,2025-01-15,24.7,124,84,6.1,4.5,Moderate
RESIDENT_01309,2026-04-06,28.3,137,94,5.6,4.8,High
RESIDENT_01311,2025-06-15,22.9,140,88,5.5,6.1,Moderate
RESIDENT_01311,2026-02-21,22.1,131,79,6.1,6.0,Moderate
RESIDENT_01314,2025-05-05,22.4,123,76,5.2,5.5,Low
RESIDENT_01314,2026-05-27,19.5,113,78,5.1,5.1,Low
RESIDENT_01315,2025-03-10,22.9,129,89,5.1,5.0,Low
RESIDENT_01315,2026-04-24,23.9,145,90,5.4,5.2,Moderate
RESIDENT_01317,2026-03-05,25.7,156,104,5.6,5.0,High
RESIDENT_01318,2025-04-02,25.4,135,81,6.6,5.2,High
RESIDENT_01318,2026-05-16,25.2,126,80,5.7,4.9,Moderate
RESIDENT_01319,2026-01-25,19.8,114,70,5.3,3.9,Low
RESIDENT_01320,2026-04-03,29.4,109,68,5.1,3.7,Moderate
RESIDENT_01321,2026-03-04,25.3,123,80,4.9,4.5,Moderate
RESIDENT_01322,2026-06-18,27.4,141,97,5.0,5.9,High
RESIDENT_01323,2025-02-01,24.5,117,78,5.9,4.9,Low
RESIDENT_01323,2026-05-19,22.7,121,78,5.8,4.5,Low
RESIDENT_01324,2025-05-24,27.2,124,85,5.5,4.1,Moderate
RESIDENT_01324,2026-04-28,19.7,123,80,5.5,5.1,Low
RESIDENT_01326,2025-06-09,26.8,125,76,5.2,4.6,Moderate
RESIDENT_01326,2026-05-27,20.2,112,72,5.1,4.7,Low
RESIDENT_01328,2025-06-04,28.1,123,82,5.6,5.1,Moderate
RESIDENT_01328,2026-02-19,18.8,118,75,4.7,4.8,Low
RESIDENT_01329,2026-05-25,32.7,117,73,6.0,5.5,Moderate
RESIDENT_01336,2026-04-13,21.9,133,81,5.8,4.9,Moderate
RESIDENT_01337,2025-02-01,25.2,133,80,4.9,5.5,Moderate
RESIDENT_01337,2026-04-22,24.1,124,82,4.4,3.2,Low
RESIDENT_01339,2025-04-06,23.6,108,65,6.2,6.7,Moderate
RESIDENT_01339,2026-01-22,27.4,129,83,5.6,6.4,Moderate
RESIDENT_01341,2025-05-01,24.8,133,88,6.8,4.2,Moderate
RESIDENT_01341,2026-05-26,19.0,134,82,5.9,6.4,Moderate
RESIDENT_01342,2026-06-21,23.2,120,81,5.4,5.5,Low
RESIDENT_01344,2026-02-26,23.3,137,91,5.9,5.6,Moderate
RESIDENT_01345,2026-01-17,26.4,118,73,5.2,5.7,Moderate
RESIDENT_01346,2025-04-03,21.0,103,66,5.4,5.7,Low
RESIDENT_01346,2026-04-06,22.6,122,75,4.4,4.7,Low
RESIDENT_01347,2025-04-21,21.7,117,73,5.4,4.5,Low
RESIDENT_01347,2026-05-05,19.5,135,82,5.5,5.7,Moderate
RESIDENT_01352,2026-06-27,21.9,148,102,5.0,5.3,Moderate
RESIDENT_01353,2025-01-11,19.8,109,65,5.9,4.6,Low
RESIDENT_01353,2026-01-23,19.0,134,82,4.9,4.8,Moderate
RESIDENT_01354,2026-05-10,27.0,142,86,6.9,5.5,High
RESIDENT_01355,2026-04-11,27.2,111,74,5.0,5.2,Moderate
RESIDENT_01356,2026-01-13,23.2,116,79,5.6,4.3,Low
RESIDENT_01360,2026-05-04,24.9,115,80,4.6,5.7,Low
RESIDENT_01361,2026-01-18,27.8,148,98,5.4,5.1,High
RESIDENT_01362,2026-03-15,23.0,139,89,5.9,3.9,Moderate
RESIDENT_01364,2026-02-26,22.0,135,91,6.0,5.2,Moderate
RESIDENT_01366,2025-04-28,25.2,111,72,5.2,5.0,Moderate
RESIDENT_01366,2026-05-18,26.6,129,84,5.2,5.8,Moderate
RESIDENT_01367,2025-03-10,25.0,131,87,5.2,5.7,Moderate
RESIDENT_01367,2026-06-05,21.8,147,99,6.3,5.6,High
RESIDENT_01369,2026-01-03,18.7,132,85,4.8,5.0,Moderate
RESIDENT_01371,2026-01-19,26.1,135,86,5.9,6.2,High
RESIDENT_01372,2025-06-06,25.3,125,76,4.0,5.1,Moderate
RESIDENT_01372,2026-03-10,26.5,120,79,5.7,5.8,Moderate
RESIDENT_01373,2026-02-06,21.4,100,65,5.4,4.4,Low
RESIDENT_01374,2026-06-21,24.9,125,81,5.4,5.1,Low
RESIDENT_01377,2025-04-08,23.9,123,80,5.1,5.4,Low
RESIDENT_01377,2026-04-22,23.1,131,86,5.3,5.9,Moderate
RESIDENT_01378,2025-02-28,24.0,98,60,6.1,5.4,Moderate
RESIDENT_01378,2026-06-24,27.1,123,75,6.5,4.7,Moderate
RESIDENT_01379,2025-02-16,21.6,125,85,5.1,4.9,Low
RESIDENT_01379,2026-02-09,22.7,124,84,5.0,4.2,Low
RESIDENT_01380,2025-01-25,24.2,110,74,5.0,4.4,Low
RESIDENT_01380,2026-01-05,17.0,112,71,4.8,3.6,Low
RESIDENT_01381,2026-01-17,25.6,114,78,5.8,5.1,Moderate
RESIDENT_01385,2026-01-25,29.3,131,83,7.4,5.8,High
RESIDENT_01389,2026-04-01,20.4,134,85,5.4,5.3,Moderate
RESIDENT_01390,2026-01-04,27.4,106,71,4.9,6.2,Moderate
RESIDENT_01391,2025-06-24,22.3,134,90,4.8,6.0,Moderate
RESIDENT_01391,2026-05-15,21.5,128,85,5.3,5.5,Low
RESIDENT_01392,2025-01-21,23.8,127,88,5.5,4.0,Low
RESIDENT_01392,2026-02-19,25.5,129,82,4.5,5.8,Moderate
RESIDENT_01396,2026-03-20,25.6,120,83,4.3,5.2,Moderate
RESIDENT_01397,2026-01-05,28.4,126,78,5.4,5.2,Moderate
RESIDENT_01399,2026-01-07,22.4,140,87,6.0,4.9,Moderate
RESIDENT_01400,2026-04-15,22.9,117,74,5.1,4.4,Low
RESIDENT_01401,2026-06-03,24.0,123,79,6.1,4.7,Moderate
RESIDENT_01402,2025-03-25,25.8,110,74,6.1,4.2,Moderate
RESIDENT_01402,2026-03-24,26.5,100,63,5.5,6.1,Moderate
RESIDENT_01403,2025-06-10,20.6,115,78,4.6,4.1,Low
RESIDENT_01403,2026-06-27,23.2,121,83,5.1,4.3,Low
RESIDENT_01404,2025-04-17,19.1,131,85,5.2,4.0,Moderate
RESIDENT_01404,2026-02-21,23.7,115,74,4.2,5.9,Low
RESIDENT_01405,2026-02-19,26.9,141,88,6.2,5.8,High
RESIDENT_01406,2025-05-13,21.5,138,84,4.0,5.5,Moderate
RESIDENT_01406,2026-01-03,28.0,109,69,5.3,5.1,Moderate
RESIDENT_01407,2026-05-08,21.1,131,78,4.1,5.3,Moderate
RESIDENT_01408,2026-03-15,23.3,106,73,4.7,4.5,Low
RESIDENT_01410,2025-06-16,26.8,131,91,5.5,5.3,Moderate
RESIDENT_01410,2026-01-20,21.8,142,93,4.9,5.1,Moderate
RESIDENT_01411,2025-05-25,24.9,137,92,5.2,3.7,Moderate
RESIDENT_01411,2026-02-25,18.5,122,73,5.2,4.6,Low
RESIDENT_01412,2025-02-14,23.6,127,84,5.0,5.2,Low
RESIDENT_01412,2026-06-10,16.6,117,77,6.3,5.8,Moderate
RESIDENT_01414,2026-04-06,32.8,127,88,5.1,5.4,Moderate
RESIDENT_01416,2026-03-20,31.5,132,87,6.9,5.5,High
RESIDENT_01418,2025-02-01,21.8,128,81,6.0,6.8,Moderate
RESIDENT_01418,2026-04-24,18.2,124,81,5.1,5.9,Low
RESIDENT_01420,2025-06-12,21.5,111,69,4.4,6.4,Moderate
RESIDENT_01420,2026-01-08,23.2,108,75,5.2,5.7,Low
RESIDENT_01421,2025-01-10,21.0,138,96,4.9,5.5,Moderate
RESIDENT_01421,2026-04-04,23.6,116,73,4.9,5.3,Low
RESIDENT_01425,2026-04-12,27.3,137,85,5.7,5.3,Moderate
RESIDENT_01426,2025-04-15,24.5,117,76,6.0,5.0,Low
RESIDENT_01426,2026-06-16,25.4,112,67,7.4,5.5,High
RESIDENT_01427,2025-06-18,24.9,124,80,6.5,5.8,Moderate
RESIDENT_01427,2026-01-10,29.0,142,86,5.5,4.4,High
RESIDENT_01428,2025-06-17,24.8,138,88,5.9,4.8,Moderate
RESIDENT_01428,2026-05-05,22.6,136,92,6.7,5.2,Moderate
RESIDENT_01429,2025-03-09,25.1,123,75,4.3,5.0,Moderate
RESIDENT_01429,2026-05-09,21.6,117,81,5.5,6.1,Low
RESIDENT_01430,2026-03-18,24.3,128,82,4.9,5.8,Low
RESIDENT_01431,2026-04-05,29.9,127,84,5.0,4.9,Moderate
RESIDENT_01433,2026-04-02,25.9,117,71,6.1,5.3,Moderate
RESIDENT_01436,2025-04-22,17.9,112,69,5.5,4.9,Low
RESIDENT_01436,2026-03-02,20.9,126,83,5.1,5.5,Low
RESIDENT_01437,2026-02-22,22.5,127,88,4.6,6.0,Low
RESIDENT_01439,2026-06-13,25.6,119,77,5.4,5.9,Moderate
RESIDENT_01441,2026-06-07,27.2,100,66,5.1,4.7,Moderate
RESIDENT_01442,2025-02-09,19.8,115,74,5.3,4.6,Low
RESIDENT_01442,2026-02-20,20.6,124,80,6.4,4.1,Moderate
RESIDENT_01443,2026-04-26,23.1,131,79,6.2,4.5,Moderate
RESIDENT_01444,2026-03-13,26.4,115,80,6.0,5.8,Moderate
RESIDENT_01446,2026-05-24,28.6,120,79,6.7,6.1,High
RESIDENT_01447,2026-05-16,29.0,118,74,6.8,5.3,High
RESIDENT_01448,2026-04-23,23.3,111,67,5.4,6.7,Moderate
RESIDENT_01449,2026-06-23,22.9,136,93,6.9,4.6,Moderate
RESIDENT_01450,2026-01-28,27.5,113,71,5.3,5.1,Moderate
RESIDENT_01451,2026-06-24,28.5,115,71,4.8,6.1,Moderate
RESIDENT_01452,2025-03-08,25.4,122,73,5.2,4.8,Moderate
RESIDENT_01452,2026-05-23,20.7,107,71,4.7,5.2,Low
RESIDENT_01454,2026-06-08,19.5,131,83,5.5,5.2,Moderate
RESIDENT_01455,2025-02-13,26.1,81,53,5.3,5.2,Moderate
RESIDENT_01455,2026-01-21,24.8,127,79,5.0,4.3,Low
RESIDENT_01458,2026-03-14,27.9,131,89,5.9,4.9,High
RESIDENT_01459,2026-06-13,22.8,121,74,6.1,6.0,Moderate
RESIDENT_01460,2026-01-26,24.9,122,79,5.8,6.1,Low
RESIDENT_01461,2026-01-26,26.9,133,82,6.3,5.2,High
RESIDENT_01462,2026-01-06,30.1,122,82,5.0,4.3,Moderate
RESIDENT_01463,2026-06-08,24.1,150,97,4.4,5.6,Moderate
RESIDENT_01464,2026-02-11,24.8,110,71,5.9,5.3,Low
RESIDENT_01467,2025-06-04,28.9,111,70,5.3,4.2,Moderate
RESIDENT_01467,2026-05-22,23.7,127,82,5.3,5.7,Low
RESIDENT_01468,2025-02-03,28.8,131,85,6.2,4.9,High
RESIDENT_01468,2026-04-09,25.0,129,80,5.4,4.5,Moderate
RESIDENT_01470,2025-02-16,21.2,134,92,5.5,5.4,Moderate
RESIDENT_01470,2026-03-09,23.2,117,77,4.3,5.3,Low
RESIDENT_01471,2026-01-27,23.6,111,77,5.1,6.7,Moderate
RESIDENT_01472,2026-06-06,23.1,143,86,5.9,5.3,Moderate
RESIDENT_01473,2026-05-20,24.4,106,73,5.4,5.4,Low
RESIDENT_01474,2026-06-06,20.8,150,103,6.6,5.3,High
RESIDENT_01475,2025-04-02,23.6,124,79,6.4,5.1,Moderate
RESIDENT_01475,2026-01-13,23.6,118,79,5.8,5.5,Low
RESIDENT_01476,2026-03-10,29.2,132,84,5.4,5.1,High
RESIDENT_01479,2025-03-07,24.5,115,79,4.8,4.1,Low
RESIDENT_01479,2026-04-19,23.6,137,91,7.1,4.9,High
RESIDENT_01480,2025-05-24,27.0,133,88,5.8,4.2,Moderate
RESIDENT_01480,2026-03-26,21.3,121,77,4.5,4.8,Low
RESIDENT_01481,2025-04-06,26.8,129,78,5.0,4.8,Moderate
RESIDENT_01481,2026-05-01,28.6,138,84,5.0,4.8,High
RESIDENT_01486,2026-05-03,22.6,126,77,4.6,6.0,Low
RESIDENT_01487,2025-03-04,22.9,130,86,5.3,4.7,Moderate
RESIDENT_01487,2026-05-22,27.4,127,83,5.6,5.2,Moderate
RESIDENT_01488,2026-01-05,28.7,119,83,5.2,5.5,Moderate
RESIDENT_01489,2025-02-22,23.7,144,99,5.4,5.2,Moderate
RESIDENT_01489,2026-05-07,20.7,136,82,5.3,6.3,Moderate
RESIDENT_01491,2026-05-05,25.9,126,76,6.1,5.3,Moderate
RESIDENT_01493,2025-04-07,23.4,120,79,5.9,5.7,Low
RESIDENT_01493,2026-03-22,25.1,137,95,5.1,4.5,Moderate
RESIDENT_01494,2025-04-20,22.9,112,73,5.8,4.9,Low
RESIDENT_01494,2026-05-10,21.6,119,75,4.6,6.3,Moderate
RESIDENT_01495,2025-05-05,20.6,135,81,6.7,4.8,Moderate
RESIDENT_01495,2026-03-16,30.9,113,78,6.4,5.9,High
RESIDENT_01498,2026-04-18,23.6,119,79,5.6,5.5,Low
RESIDENT_01499,2025-06-09,24.2,131,90,6.0,6.0,Moderate
RESIDENT_01499,2026-05-10,28.3,139,85,5.8,5.3,High
RESIDENT_01500,2026-01-21,25.5,144,90,5.7,5.1,High
