resident_id,age_band,gender,region,planning_area
RESIDENT_00001,18-29,M,Central,Bishan
RESIDENT_00002,50-59,F,Central,Bukit Merah
RESIDENT_00003,18-29,F,Central,Bukit Merah
RESIDENT_00004,30-39,M,West,Jurong West
RESIDENT_00005,60-69,F,Central,Bukit Merah
RESIDENT_00006,30-39,M,North,Woodlands
RESIDENT_00007,30-39,M,Central,Bukit Merah
RESIDENT_00008,40-49,M,North-East,Hougang
RESIDENT_00009,60-69,M,West,Bukit Batok
RESIDENT_00010,50-59,M,Central,Bishan
RESIDENT_00011,40-49,M,Central,Bukit Merah
RESIDENT_00012,40-49,F,East,Pasir Ris
RESIDENT_00013,50-59,F,West,Jurong West
RESIDENT_00014,70+,F,North,Sembawang
RESIDENT_00015,60-69,M,East,Tampines
RESIDENT_00016,70+,M,East,Bedok
RESIDENT_00017,60-69,M,North-East,Hougang
RESIDENT_00018,50-59,M,East,Pasir Ris
RESIDENT_00019,40-49,F,West,Jurong West
RESIDENT_00020,60-69,F,Central,Bishan
RESIDENT_00021,50-59,M,North-East,Punggol
RESIDENT_00022,30-39,F,West,Bukit Batok
RESIDENT_00023,60-69,M,West,Jurong West
RESIDENT_00024,40-49,M,East,Pasir Ris
RESIDENT_00025,70+,M,West,Bukit Batok
RESIDENT_00026,40-49,F,East,Pasir Ris
RESIDENT_00027,50-59,M,Central,Bishan
RESIDENT_00028,30-39,F,North,Sembawang
RESIDENT_00029,60-69,F,North-East,Hougang
RESIDENT_00030,30-39,M,West,Jurong West
RESIDENT_00031,40-49,M,North,Yishun
RESIDENT_00032,30-39,F,Central,Toa Payoh
RESIDENT_00033,50-59,F,East,Bedok
RESIDENT_00034,18-29,F,East,Tampines
RESIDENT_00035,30-39,M,East,Bedok
RESIDENT_00036,50-59,F,West,Clementi
RESIDENT_00037,18-29,M,East,Tampines
RESIDENT_00038,60-69,F,North-East,Sengkang
RESIDENT_00039,40-49,M,Central,Bishan
RESIDENT_00040,40-49,F,East,Tampines
RESIDENT_00041,30-39,F,North-East,Punggol
RESIDENT_00042,18-29,F,Central,Bishan
RESIDENT_00043,40-49,M,East,Bedok
RESIDENT_00044,30-39,F,Central,Toa Payoh
RESIDENT_00045,40-49,M,North,Woodlands
RESIDENT_00046,70+,F,East,Pasir Ris
RESIDENT_00047,50-59,F,Central,Bishan
RESIDENT_00048,18-29,F,East,Pasir Ris
RESIDENT_00049,18-29,F,North-East,Sengkang
RESIDENT_00050,18-29,M,West,Clementi
RESIDENT_00051,30-39,F,East,Pasir Ris
RESIDENT_00052,30-39,F,North-East,Hougang
RESIDENT_00053,18-29,F,Central,Bukit Merah
RESIDENT_00054,60-69,F,North,Yishun
RESIDENT_00055,60-69,M,North-East,Sengkang
RESIDENT_00056,50-59,M,Central,Bukit Merah
RESIDENT_00057,18-29,F,North,Sembawang
RESIDENT_00058,30-39,F,North,Sembawang
RESIDENT_00059,40-49,M,North,Woodlands
RESIDENT_00060,18-29,M,North,Woodlands
RESIDENT_00061,50-59,M,East,Pasir Ris
RESIDENT_00062,70+,F,Central,Bukit Merah
RESIDENT_00063,40-49,M,West,Jurong West
RESIDENT_00064,60-69,F,North,Yishun
RESIDENT_00065,30-39,M,Central,Bukit Merah
RESIDENT_00066,60-69,F,East,Tampines
RESIDENT_00067,60-69,M,North,Sembawang
RESIDENT_00068,30-39,F,North,Yishun
RESIDENT_00069,30-39,M,North-East,Punggol
RESIDENT_00070,18-29,F,East,Tampines
RESIDENT_00071,70+,M,Central,Toa Payoh
RESIDENT_00072,50-59,M,North-East,Hougang
RESIDENT_00073,50-59,M,East,Bedok
RESIDENT_00074,50-59,M,North,Yishun
RESIDENT_00075,40-49,F,Central,Toa Payoh
RESIDENT_00076,40-49,F,Central,Toa Payoh
RESIDENT_00077,50-59,F,North,Sembawang
RESIDENT_00078,50-59,M,North,Yishun
RESIDENT_00079,18-29,M,West,Bukit Batok
RESIDENT_00080,40-49,M,West,Bukit Batok
RESIDENT_00081,30-39,M,North,Sembawang
RESIDENT_00082,40-49,F,North-East,Sengkang
RESIDENT_00083,30-39,M,Central,Bishan
RESIDENT_00084,30-39,F,North,Woodlands
RESIDENT_00085,70+,F,East,Tampines
RESIDENT_00086,50-59,M,East,Tampines
RESIDENT_00087,50-59,F,East,Bedok
RESIDENT_00088,30-39,M,East,Bedok
RESIDENT_00089,40-49,M,Central,Bukit Merah
RESIDENT_00090,30-39,M,West,Bukit Batok
RESIDENT_00091,60-69,M,North-East,Hougang
RESIDENT_00092,30-39,F,North-East,Sengkang
RESIDENT_00093,50-59,M,North-East,Punggol
RESIDENT_00094,30-39,M,East,Pasir Ris
RESIDENT_00095,30-39,F,East,Pasir Ris
RESIDENT_00096,40-49,M,North-East,Punggol
RESIDENT_00097,40-49,F,North-East,Sengkang
RESIDENT_00098,70+,M,Central,Toa Payoh
RESIDENT_00099,50-59,F,West,Clementi
RESIDENT_00100,40-49,M,North-East,Punggol
RESIDENT_00101,60-69,F,East,Pasir Ris
RESIDENT_00102,50-59,F,North-East,Hougang
RESIDENT_00103,60-69,F,East,Bedok
RESIDENT_00104,30-39,M,North,Yishun
RESIDENT_00105,60-69,M,North,Yishun
RESIDENT_00106,18-29,F,North-East,Punggol
RESIDENT_00107,60-69,F,Central,Bishan
RESIDENT_00108,30-39,F,West,Clementi
RESIDENT_00109,70+,M,West,Bukit Batok
RESIDENT_00110,50-59,F,East,Bedok
RESIDENT_00111,18-29,M,West,Bukit Batok
RESIDENT_00112,70+,F,North-East,Hougang
RESIDENT_00113,50-59,M,Central,Bukit Merah
RESIDENT_00114,60-69,M,West,Bukit Batok
RESIDENT_00115,40-49,M,Central,Bishan
RESIDENT_00116,18-29,M,North-East,Sengkang
RESIDENT_00117,40-49,M,East,Pasir Ris
RESIDENT_00118,40-49,M,North-East,Punggol
RESIDENT_00119,30-39,M,Central,Bishan
RESIDENT_00120,50-59,M,West,Clementi
RESIDENT_00121,30-39,F,North,Yishun
RESIDENT_00122,30-39,M,North,Sembawang
RESIDENT_00123,18-29,M,East,Tampines
RESIDENT_00124,50-59,M,North-East,Punggol
RESIDENT_00125,30-39,M,Central,Bukit Merah
RESIDENT_00126,30-39,M,West,Clementi
RESIDENT_00127,30-39,M,North,Yishun
RESIDENT_00128,18-29,F,East,Tampines
RESIDENT_00129,30-39,M,East,Tampines
RESIDENT_00130,30-39,F,West,Jurong West
RESIDENT_00131,30-39,F,North,Sembawang
RESIDENT_00132,18-29,F,North,Sembawang
RESIDENT_00133,18-29,F,North-East,Sengkang
RESIDENT_00134,40-49,F,North-East,Hougang
RESIDENT_00135,60-69,M,Central,Toa Payoh
RESIDENT_00136,30-39,M,Central,Bishan
RESIDENT_00137,60-69,F,West,Bukit Batok
RESIDENT_00138,30-39,M,North-East,Punggol
RESIDENT_00139,70+,F,West,Jurong West
RESIDENT_00140,50-59,F,North,Woodlands
RESIDENT_00141,30-39,M,Central,Toa Payoh
RESIDENT_00142,18-29,M,North,Sembawang
RESIDENT_00143,50-59,M,Central,Bukit Merah
RESIDENT_00144,18-29,F,North-East,Sengkang
RESIDENT_00145,18-29,F,East,Tampines
RESIDENT_00146,40-49,M,North,Sembawang
RESIDENT_00147,40-49,M,North,Yishun
RESIDENT_00148,50-59,M,North-East,Hougang
RESIDENT_00149,50-59,F,West,Bukit Batok
RESIDENT_00150,18-29,F,West,Clementi
RESIDENT_00151,30-39,M,North,Sembawang
RESIDENT_00152,40-49,M,Central,Toa Payoh
RESIDENT_00153,30-39,M,East,Tampines
RESIDENT_00154,18-29,F,West,Clementi
RESIDENT_00155,70+,M,Central,Bukit Merah
RESIDENT_00156,40-49,F,West,Jurong West
RESIDENT_00157,60-69,M,West,Jurong West
RESIDENT_00158,18-29,M,West,Clementi
RESIDENT_00159,18-29,F,Central,Bukit Merah
RESIDENT_00160,18-29,M,West,Jurong West
RESIDENT_00161,70+,F,North-East,Punggol
RESIDENT_00162,50-59,M,West,Clementi
RESIDENT_00163,40-49,M,North-East,Hougang
RESIDENT_00164,60-69,M,East,Tampines
RESIDENT_00165,60-69,M,North,Sembawang
RESIDENT_00166,70+,M,West,Jurong West
RESIDENT_00167,30-39,M,North-East,Punggol
RESIDENT_00168,50-59,F,East,Tampines
RESIDENT_00169,50-59,M,North-East,Punggol
RESIDENT_00170,70+,F,North-East,Sengkang
RESIDENT_00171,60-69,M,Central,Bishan
RESIDENT_00172,50-59,M,Central,Bukit Merah
RESIDENT_00173,60-69,M,North-East,Punggol
RESIDENT_00174,60-69,M,Central,Toa Payoh
RESIDENT_00175,18-29,F,West,Jurong West
RESIDENT_00176,50-59,M,East,Bedok
RESIDENT_00177,30-39,M,North-East,Hougang
RESIDENT_00178,30-39,M,Central,Toa Payoh
RESIDENT_00179,40-49,F,West,Jurong West
RESIDENT_00180,60-69,F,West,Clementi
RESIDENT_00181,40-49,M,East,Tampines
RESIDENT_00182,70+,F,North-East,Hougang
RESIDENT_00183,30-39,M,West,Bukit Batok
RESIDENT_00184,30-39,M,North,Yishun
RESIDENT_00185,50-59,M,North-East,Sengkang
RESIDENT_00186,30-39,F,North-East,Sengkang
RESIDENT_00187,60-69,F,North,Sembawang
RESIDENT_00188,50-59,M,East,Pasir Ris
RESIDENT_00189,70+,F,Central,Toa Payoh
RESIDENT_00190,50-59,F,Central,Bishan
RESIDENT_00191,30-39,F,North-East,Sengkang
RESIDENT_00192,70+,F,West,Clementi
RESIDENT_00193,50-59,M,North,Woodlands
RESIDENT_00194,60-69,F,East,Pasir Ris
RESIDENT_00195,30-39,M,West,Jurong West
RESIDENT_00196,40-49,M,Central,Bukit Merah
RESIDENT_00197,50-59,M,Central,Bishan
RESIDENT_00198,70+,F,North,Sembawang
RESIDENT_00199,50-59,F,North,Woodlands
RESIDENT_00200,70+,F,North,Woodlands
RESIDENT_00201,40-49,M,East,Pasir Ris
RESIDENT_00202,50-59,F,North-East,Punggol
RESIDENT_00203,50-59,M,North-East,Hougang
RESIDENT_00204,40-49,F,East,Tampines
RESIDENT_00205,70+,M,West,Jurong West
RESIDENT_00206,70+,M,East,Bedok
RESIDENT_00207,70+,F,West,Clementi
RESIDENT_00208,30-39,F,West,Bukit Batok
RESIDENT_00209,60-69,F,North,Yishun
RESIDENT_00210,40-49,F,East,Bedok
RESIDENT_00211,18-29,F,East,Pasir Ris
RESIDENT_00212,30-39,F,East,Pasir Ris
RESIDENT_00213,50-59,M,Central,Toa Payoh
RESIDENT_00214,50-59,M,West,Bukit Batok
RESIDENT_00215,30-39,F,West,Jurong West
RESIDENT_00216,50-59,M,North-East,Sengkang
RESIDENT_00217,30-39,F,Central,Bishan
RESIDENT_00218,50-59,M,West,Clementi
RESIDENT_00219,40-49,M,North,Woodlands
RESIDENT_00220,50-59,F,West,Clementi
RESIDENT_00221,30-39,M,North-East,Punggol
RESIDENT_00222,40-49,M,North,Yishun
RESIDENT_00223,18-29,F,Central,Bishan
RESIDENT_00224,60-69,F,North,Sembawang
RESIDENT_00225,50-59,M,North,Yishun
RESIDENT_00226,70+,M,Central,Toa Payoh
RESIDENT_00227,30-39,M,West,Jurong West
RESIDENT_00228,60-69,M,North,Woodlands
RESIDENT_00229,30-39,M,West,Bukit Batok
RESIDENT_00230,50-59,M,Central,Bishan
RESIDENT_00231,70+,M,North,Woodlands
RESIDENT_00232,50-59,F,West,Jurong West
RESIDENT_00233,50-59,F,Central,Toa Payoh
RESIDENT_00234,30-39,M,North,Sembawang
RESIDENT_00235,18-29,F,West,Jurong West
RESIDENT_00236,30-39,M,Central,Toa Payoh
RESIDENT_00237,30-39,F,North-East,Punggol
RESIDENT_00238,50-59,M,North,Sembawang
RESIDENT_00239,30-39,F,Central,Bishan
RESIDENT_00240,60-69,M,East,Tampines
RESIDENT_00241,40-49,M,Central,Bishan
RESIDENT_00242,50-59,M,West,Jurong West
RESIDENT_00243,18-29,F,North-East,Punggol
RESIDENT_00244,40-49,M,West,Clementi
RESIDENT_00245,70+,F,Central,Bukit Merah
RESIDENT_00246,40-49,F,Central,Bishan
RESIDENT_00247,18-29,M,West,Bukit Batok
RESIDENT_00248,60-69,F,North,Sembawang
RESIDENT_00249,40-49,M,West,Clementi
RESIDENT_00250,18-29,M,East,Bedok
RESIDENT_00251,30-39,M,Central,Toa Payoh
RESIDENT_00252,40-49,M,West,Bukit Batok
RESIDENT_00253,18-29,M,North-East,Sengkang
RESIDENT_00254,18-29,F,West,Clementi
RESIDENT_00255,18-29,M,Central,Bishan
RESIDENT_00256,50-59,M,West,Clementi
RESIDENT_00257,40-49,F,Central,Toa Payoh
RESIDENT_00258,30-39,F,West,Clementi
RESIDENT_00259,40-49,F,Central,Bishan
RESIDENT_00260,40-49,F,North-East,Punggol
RESIDENT_00261,40-49,M,North-East,Sengkang
RESIDENT_00262,18-29,F,North,Sembawang
RESIDENT_00263,30-39,F,North,Yishun
RESIDENT_00264,70+,M,East,Pasir Ris
RESIDENT_00265,50-59,F,East,Tampines
RESIDENT_00266,60-69,F,North,Sembawang
RESIDENT_00267,30-39,M,West,Clementi
RESIDENT_00268,70+,M,North,Woodlands
RESIDENT_00269,18-29,F,East,Pasir Ris
RESIDENT_00270,18-29,M,West,Bukit Batok
RESIDENT_00271,30-39,F,East,Pasir Ris
RESIDENT_00272,30-39,F,North-East,Punggol
RESIDENT_00273,30-39,F,North-East,Punggol
RESIDENT_00274,30-39,M,East,Tampines
RESIDENT_00275,40-49,M,North-East,Hougang
RESIDENT_00276,18-29,M,West,Jurong West
RESIDENT_00277,40-49,F,North,Sembawang
RESIDENT_00278,30-39,F,Central,Toa Payoh
RESIDENT_00279,60-69,F,East,Bedok
RESIDENT_00280,70+,M,North,Woodlands
RESIDENT_00281,30-39,F,North,Yishun
RESIDENT_00282,70+,M,North,Woodlands
RESIDENT_00283,70+,M,North,Sembawang
RESIDENT_00284,40-49,F,North-East,Hougang
RESIDENT_00285,60-69,M,East,Bedok
RESIDENT_00286,30-39,F,East,Bedok
RESIDENT_00287,18-29,M,Central,Bukit Merah
RESIDENT_00288,50-59,F,West,Clementi
RESIDENT_00289,30-39,M,West,Jurong West
RESIDENT_00290,70+,F,West,Bukit Batok
RESIDENT_00291,40-49,M,West,Clementi
RESIDENT_00292,30-39,F,North,Yishun
RESIDENT_00293,30-39,F,North,Sembawang
RESIDENT_00294,18-29,M,East,Pasir Ris
RESIDENT_00295,50-59,F,North-East,Hougang
RESIDENT_00296,30-39,F,Central,Bishan
RESIDENT_00297,40-49,M,North,Yishun
RESIDENT_00298,30-39,F,North,Sembawang
RESIDENT_00299,60-69,M,Central,Toa Payoh
RESIDENT_00300,30-39,F,North-East,Punggol
RESIDENT_00301,70+,M,North,Woodlands
RESIDENT_00302,40-49,F,Central,Bukit Merah
RESIDENT_00303,18-29,M,Central,Toa Payoh
RESIDENT_00304,50-59,M,East,Tampines
RESIDENT_00305,70+,M,West,Bukit Batok
RESIDENT_00306,50-59,M,Central,Toa Payoh
RESIDENT_00307,18-29,M,Central,Bishan
RESIDENT_00308,60-69,M,East,Tampines
RESIDENT_00309,50-59,M,Central,Toa Payoh
RESIDENT_00310,50-59,M,Central,Toa Payoh
RESIDENT_00311,70+,F,East,Pasir Ris
RESIDENT_00312,40-49,F,West,Clementi
RESIDENT_00313,30-39,M,North-East,Sengkang
RESIDENT_00314,18-29,F,Central,Toa Payoh
RESIDENT_00315,60-69,M,Central,Bukit Merah
RESIDENT_00316,40-49,M,West,Jurong West
RESIDENT_00317,40-49,F,North,Woodlands
RESIDENT_00318,60-69,F,East,Tampines
RESIDENT_00319,40-49,F,North,Sembawang
RESIDENT_00320,40-49,M,North,Sembawang
RESIDENT_00321,18-29,M,West,Bukit Batok
RESIDENT_00322,50-59,M,North-East,Hougang
RESIDENT_00323,30-39,F,West,Clementi
RESIDENT_00324,40-49,M,Central,Bishan
RESIDENT_00325,30-39,M,East,Bedok
RESIDENT_00326,30-39,M,West,Bukit Batok
RESIDENT_00327,50-59,F,West,Jurong West
RESIDENT_00328,18-29,F,West,Jurong West
RESIDENT_00329,50-59,M,North,Sembawang
RESIDENT_00330,60-69,M,North-East,Sengkang
RESIDENT_00331,60-69,M,East,Tampines
RESIDENT_00332,30-39,M,Central,Toa Payoh
RESIDENT_00333,50-59,M,North,Sembawang
RESIDENT_00334,18-29,M,North-East,Sengkang
RESIDENT_00335,30-39,F,North,Yishun
RESIDENT_00336,18-29,M,East,Tampines
RESIDENT_00337,70+,F,East,Tampines
RESIDENT_00338,60-69,M,East,Pasir Ris
RESIDENT_00339,40-49,F,North,Yishun
RESIDENT_00340,30-39,M,East,Bedok
RESIDENT_00341,50-59,M,North-East,Punggol
RESIDENT_00342,40-49,M,Central,Bukit Merah
RESIDENT_00343,18-29,F,North,Sembawang
RESIDENT_00344,40-49,F,North,Yishun
RESIDENT_00345,30-39,F,West,Jurong West
RESIDENT_00346,60-69,M,North,Sembawang
RESIDENT_00347,50-59,M,East,Pasir Ris
RESIDENT_00348,18-29,M,Central,Toa Payoh
RESIDENT_00349,50-59,F,East,Tampines
RESIDENT_00350,40-49,M,East,Pasir Ris
RESIDENT_00351,40-49,M,West,Clementi
RESIDENT_00352,30-39,F,North,Yishun
RESIDENT_00353,50-59,M,Central,Bukit Merah
RESIDENT_00354,30-39,F,West,Bukit Batok
RESIDENT_00355,50-59,M,West,Jurong West
RESIDENT_00356,50-59,F,Central,Bishan
RESIDENT_00357,40-49,M,North,Sembawang
RESIDENT_00358,60-69,M,West,Bukit Batok
RESIDENT_00359,40-49,M,East,Pasir Ris
RESIDENT_00360,30-39,F,North-East,Punggol
RESIDENT_00361,30-39,M,West,Bukit Batok
RESIDENT_00362,30-39,M,East,Bedok
RESIDENT_00363,50-59,M,East,Tampines
RESIDENT_00364,70+,M,West,Clementi
RESIDENT_00365,40-49,M,West,Clementi
RESIDENT_00366,18-29,F,North,Yishun
RESIDENT_00367,30-39,M,North-East,Sengkang
RESIDENT_00368,18-29,F,East,Bedok
RESIDENT_00369,50-59,F,East,Bedok
RESIDENT_00370,18-29,F,North-East,Hougang
RESIDENT_00371,50-59,M,North-East,Punggol
RESIDENT_00372,30-39,F,North,Woodlands
RESIDENT_00373,40-49,F,East,Bedok
RESIDENT_00374,70+,M,Central,Toa Payoh
RESIDENT_00375,18-29,F,Central,Toa Payoh
RESIDENT_00376,40-49,F,West,Bukit Batok
RESIDENT_00377,60-69,M,East,Bedok
RESIDENT_00378,50-59,F,North,Sembawang
RESIDENT_00379,50-59,F,West,Jurong West
RESIDENT_00380,40-49,F,North-East,Punggol
RESIDENT_00381,70+,M,East,Tampines
RESIDENT_00382,40-49,M,North,Yishun
RESIDENT_00383,50-59,F,West,Clementi
RESIDENT_00384,18-29,F,East,Tampines
RESIDENT_00385,50-59,M,North-East,Sengkang
RESIDENT_00386,50-59,F,North,Woodlands
RESIDENT_00387,50-59,M,North-East,Punggol
RESIDENT_00388,60-69,F,North-East,Hougang
RESIDENT_00389,40-49,M,West,Jurong West
RESIDENT_00390,60-69,F,Central,Bukit Merah
RESIDENT_00391,30-39,M,East,Bedok
RESIDENT_00392,40-49,M,West,Jurong West
RESIDENT_00393,40-49,F,West,Bukit Batok
RESIDENT_00394,40-49,F,Central,Bukit Merah
RESIDENT_00395,18-29,M,Central,Bukit Merah
RESIDENT_00396,70+,F,Central,Toa Payoh
RESIDENT_00397,30-39,F,North-East,Sengkang
RESIDENT_00398,70+,M,North,Yishun
RESIDENT_00399,18-29,F,North-East,Sengkang
RESIDENT_00400,30-39,M,Central,Bukit Merah
RESIDENT_00401,60-69,M,Central,Toa Payoh
RESIDENT_00402,40-49,F,North-East,Hougang
RESIDENT_00403,30-39,F,East,Bedok
RESIDENT_00404,60-69,F,West,Jurong West
RESIDENT_00405,50-59,M,Central,Bukit Merah
RESIDENT_00406,50-59,M,East,Tampines
RESIDENT_00407,60-69,F,East,Bedok
RESIDENT_00408,60-69,M,East,Pasir Ris
RESIDENT_00409,30-39,F,East,Pasir Ris
RESIDENT_00410,30-39,F,North-East,Sengkang
RESIDENT_00411,40-49,F,North-East,Punggol
RESIDENT_00412,30-39,M,West,Clementi
RESIDENT_00413,30-39,M,North-East,Hougang
RESIDENT_00414,60-69,F,North,Yishun
RESIDENT_00415,70+,F,North-East,Punggol
RESIDENT_00416,30-39,F,East,Tampines
RESIDENT_00417,40-49,F,Central,Bishan
RESIDENT_00418,50-59,F,West,Jurong West
RESIDENT_00419,30-39,F,West,Clementi
RESIDENT_00420,70+,F,East,Pasir Ris
RESIDENT_00421,50-59,F,East,Tampines
RESIDENT_00422,60-69,M,North,Yishun
RESIDENT_00423,30-39,M,North,Yishun
RESIDENT_00424,70+,M,North,Yishun
RESIDENT_00425,60-69,F,West,Jurong West
RESIDENT_00426,50-59,M,West,Clementi
RESIDENT_00427,30-39,F,North,Yishun
RESIDENT_00428,60-69,M,North,Sembawang
RESIDENT_00429,30-39,M,North-East,Hougang
RESIDENT_00430,30-39,F,North-East,Sengkang
RESIDENT_00431,60-69,M,Central,Bishan
RESIDENT_00432,50-59,F,Central,Bishan
RESIDENT_00433,18-29,M,North,Sembawang
RESIDENT_00434,40-49,M,Central,Bishan
RESIDENT_00435,40-49,M,North,Woodlands
RESIDENT_00436,18-29,F,East,Pasir Ris
RESIDENT_00437,50-59,M,East,Tampines
RESIDENT_00438,40-49,M,Central,Toa Payoh
RESIDENT_00439,30-39,F,East,Pasir Ris
RESIDENT_00440,40-49,M,Central,Bukit Merah
RESIDENT_00441,50-59,F,Central,Toa Payoh
RESIDENT_00442,40-49,F,North,Sembawang
RESIDENT_00443,70+,M,East,Tampines
RESIDENT_00444,60-69,F,North,Woodlands
RESIDENT_00445,70+,F,Central,Bukit Merah
RESIDENT_00446,30-39,F,Central,Bukit Merah
RESIDENT_00447,30-39,F,West,Bukit Batok
RESIDENT_00448,50-59,M,West,Jurong West
RESIDENT_00449,60-69,M,East,Pasir Ris
RESIDENT_00450,18-29,M,North,Yishun
RESIDENT_00451,40-49,M,North,Yishun
RESIDENT_00452,18-29,M,North-East,Hougang
RESIDENT_00453,30-39,M,Central,Bukit Merah
RESIDENT_00454,30-39,F,North-East,Hougang
RESIDENT_00455,30-39,M,North-East,Hougang
RESIDENT_00456,40-49,M,East,Bedok
RESIDENT_00457,40-49,M,North,Yishun
RESIDENT_00458,40-49,F,North-East,Sengkang
RESIDENT_00459,40-49,M,West,Jurong West
RESIDENT_00460,30-39,F,North,Woodlands
RESIDENT_00461,40-49,M,North,Woodlands
RESIDENT_00462,50-59,M,East,Pasir Ris
RESIDENT_00463,18-29,M,North-East,Hougang
RESIDENT_00464,40-49,M,West,Clementi
RESIDENT_00465,18-29,M,West,Bukit Batok
RESIDENT_00466,30-39,M,North-East,Punggol
RESIDENT_00467,60-69,M,West,Clementi
RESIDENT_00468,18-29,F,North,Sembawang
RESIDENT_00469,18-29,M,West,Bukit Batok
RESIDENT_00470,60-69,F,North,Yishun
RESIDENT_00471,50-59,F,East,Tampines
RESIDENT_00472,60-69,F,North-East,Punggol
RESIDENT_00473,40-49,M,West,Bukit Batok
RESIDENT_00474,50-59,F,West,Jurong West
RESIDENT_00475,30-39,F,North,Sembawang
RESIDENT_00476,70+,M,North,Woodlands
RESIDENT_00477,30-39,F,North,Yishun
RESIDENT_00478,60-69,F,North-East,Punggol
RESIDENT_00479,30-39,F,Central,Bishan
RESIDENT_00480,30-39,M,North,Woodlands
RESIDENT_00481,40-49,M,North,Sembawang
RESIDENT_00482,18-29,F,North,Sembawang
RESIDENT_00483,50-59,F,North,Sembawang
RESIDENT_00484,40-49,M,East,Pasir Ris
RESIDENT_00485,60-69,F,East,Bedok
RESIDENT_00486,18-29,F,North-East,Punggol
RESIDENT_00487,18-29,F,North-East,Hougang
RESIDENT_00488,18-29,F,West,Clementi
RESIDENT_00489,18-29,M,North-East,Sengkang
RESIDENT_00490,40-49,M,West,Bukit Batok
RESIDENT_00491,60-69,F,North,Sembawang
RESIDENT_00492,50-59,F,West,Clementi
RESIDENT_00493,18-29,M,North,Sembawang
RESIDENT_00494,40-49,F,North-East,Sengkang
RESIDENT_00495,40-49,F,East,Pasir Ris
RESIDENT_00496,18-29,M,North,Yishun
RESIDENT_00497,70+,M,North,Woodlands
RESIDENT_00498,40-49,M,West,Clementi
RESIDENT_00499,50-59,M,North-East,Punggol
RESIDENT_00500,18-29,F,West,Clementi
RESIDENT_00501,40-49,F,East,Tampines
RESIDENT_00502,40-49,F,West,Clementi
RESIDENT_00503,40-49,F,North,Sembawang
RESIDENT_00504,70+,F,East,Pasir Ris
RESIDENT_00505,60-69,F,North,Yishun
RESIDENT_00506,40-49,F,Central,Bishan
RESIDENT_00507,50-59,F,West,Bukit Batok
RESIDENT_00508,60-69,M,East,Pasir Ris
RESIDENT_00509,30-39,M,East,Tampines
RESIDENT_00510,70+,F,West,Jurong West
RESIDENT_00511,70+,F,Central,Bukit Merah
RESIDENT_00512,18-29,M,East,Bedok
RESIDENT_00513,18-29,M,North-East,Sengkang
RESIDENT_00514,18-29,F,North-East,Punggol
RESIDENT_00515,40-49,M,North,Yishun
RESIDENT_00516,50-59,M,Central,Bukit Merah
RESIDENT_00517,60-69,M,Central,Bishan
RESIDENT_00518,30-39,M,North-East,Punggol
RESIDENT_00519,40-49,M,East,Tampines
RESIDENT_00520,18-29,M,Central,Bishan
RESIDENT_00521,40-49,M,North-East,Hougang
RESIDENT_00522,30-39,M,North,Woodlands
RESIDENT_00523,18-29,F,North,Woodlands
RESIDENT_00524,40-49,F,East,Pasir Ris
RESIDENT_00525,40-49,F,East,Pasir Ris
RESIDENT_00526,18-29,M,North-East,Hougang
RESIDENT_00527,40-49,F,East,Tampines
RESIDENT_00528,30-39,M,Central,Bishan
RESIDENT_00529,18-29,F,East,Pasir Ris
RESIDENT_00530,30-39,F,North-East,Sengkang
RESIDENT_00531,50-59,M,North-East,Hougang
RESIDENT_00532,60-69,M,East,Tampines
RESIDENT_00533,30-39,F,East,Bedok
RESIDENT_00534,60-69,M,Central,Bishan
RESIDENT_00535,50-59,M,East,Pasir Ris
RESIDENT_00536,40-49,F,North-East,Punggol
RESIDENT_00537,60-69,F,West,Clementi
RESIDENT_00538,60-69,M,North-East,Punggol
RESIDENT_00539,70+,F,North-East,Hougang
RESIDENT_00540,30-39,F,Central,Bishan
RESIDENT_00541,30-39,M,West,Clementi
RESIDENT_00542,50-59,F,Central,Toa Payoh
RESIDENT_00543,40-49,F,Central,Bishan
RESIDENT_00544,50-59,F,North-East,Punggol
RESIDENT_00545,18-29,F,East,Tampines
RESIDENT_00546,50-59,M,West,Bukit Batok
RESIDENT_00547,18-29,F,Central,Bukit Merah
RESIDENT_00548,70+,M,North-East,Hougang
RESIDENT_00549,50-59,F,North,Woodlands
RESIDENT_00550,40-49,M,North,Sembawang
RESIDENT_00551,40-49,M,North-East,Hougang
RESIDENT_00552,30-39,M,East,Bedok
RESIDENT_00553,50-59,F,East,Bedok
RESIDENT_00554,18-29,M,East,Tampines
RESIDENT_00555,40-49,M,Central,Bishan
RESIDENT_00556,70+,M,North-East,Punggol
RESIDENT_00557,40-49,F,West,Jurong West
RESIDENT_00558,70+,F,Central,Toa Payoh
RESIDENT_00559,30-39,M,North,Woodlands
RESIDENT_00560,40-49,M,North,Sembawang
RESIDENT_00561,30-39,M,North-East,Hougang
RESIDENT_00562,30-39,M,East,Bedok
RESIDENT_00563,50-59,F,North,Yishun
RESIDENT_00564,18-29,F,North,Yishun
RESIDENT_00565,50-59,F,East,Bedok
RESIDENT_00566,50-59,M,North-East,Punggol
RESIDENT_00567,18-29,F,West,Bukit Batok
RESIDENT_00568,50-59,F,Central,Toa Payoh
RESIDENT_00569,30-39,M,East,Tampines
RESIDENT_00570,40-49,F,North,Woodlands
RESIDENT_00571,18-29,F,West,Jurong West
RESIDENT_00572,40-49,M,North,Woodlands
RESIDENT_00573,30-39,F,North-East,Hougang
RESIDENT_00574,18-29,M,West,Jurong West
RESIDENT_00575,40-49,F,North,Sembawang
RESIDENT_00576,18-29,M,East,Tampines
RESIDENT_00577,18-29,F,East,Bedok
RESIDENT_00578,60-69,F,Central,Bishan
RESIDENT_00579,50-59,F,North,Sembawang
RESIDENT_00580,18-29,F,Central,Bishan
RESIDENT_00581,18-29,M,East,Bedok
RESIDENT_00582,30-39,M,Central,Bukit Merah
RESIDENT_00583,40-49,M,Central,Bishan
RESIDENT_00584,30-39,M,East,Bedok
RESIDENT_00585,40-49,M,North,Woodlands
RESIDENT_00586,18-29,F,North-East,Sengkang
RESIDENT_00587,50-59,F,East,Tampines
RESIDENT_00588,40-49,M,North-East,Punggol
RESIDENT_00589,40-49,F,North,Woodlands
RESIDENT_00590,60-69,M,Central,Bishan
RESIDENT_00591,30-39,F,West,Jurong West
RESIDENT_00592,30-39,F,East,Bedok
RESIDENT_00593,70+,F,North,Woodlands
RESIDENT_00594,70+,F,North,Sembawang
RESIDENT_00595,40-49,F,West,Clementi
RESIDENT_00596,40-49,F,East,Bedok
RESIDENT_00597,40-49,F,Central,Toa Payoh
RESIDENT_00598,30-39,F,East,Tampines
RESIDENT_00599,50-59,F,East,Bedok
RESIDENT_00600,70+,M,North,Sembawang
RESIDENT_00601,18-29,M,West,Clementi
RESIDENT_00602,60-69,M,North-East,Sengkang
RESIDENT_00603,50-59,M,West,Jurong West
RESIDENT_00604,30-39,M,North-East,Hougang
RESIDENT_00605,40-49,F,West,Jurong West
RESIDENT_00606,30-39,F,West,Clementi
RESIDENT_00607,30-39,M,Central,Bishan
RESIDENT_00608,40-49,M,North,Woodlands
RESIDENT_00609,30-39,F,North,Sembawang
RESIDENT_00610,40-49,M,North-East,Hougang
RESIDENT_00611,30-39,M,North-East,Hougang
RESIDENT_00612,50-59,F,West,Jurong West
RESIDENT_00613,30-39,M,Central,Toa Payoh
RESIDENT_00614,30-39,M,North,Woodlands
RESIDENT_00615,70+,F,West,Clementi
RESIDENT_00616,40-49,F,Central,Bukit Merah
RESIDENT_00617,18-29,F,Central,Bishan
RESIDENT_00618,30-39,M,West,Clementi
RESIDENT_00619,40-49,M,Central,Bishan
RESIDENT_00620,40-49,M,Central,Bukit Merah
RESIDENT_00621,18-29,F,East,Bedok
RESIDENT_00622,40-49,F,Central,Toa Payoh
RESIDENT_00623,40-49,M,North-East,Hougang
RESIDENT_00624,30-39,M,North-East,Punggol
RESIDENT_00625,30-39,M,Central,Toa Payoh
RESIDENT_00626,18-29,F,West,Jurong West
RESIDENT_00627,40-49,F,West,Bukit Batok
RESIDENT_00628,40-49,M,West,Bukit Batok
RESIDENT_00629,18-29,F,North,Sembawang
RESIDENT_00630,50-59,F,West,Jurong West
RESIDENT_00631,70+,F,East,Bedok
RESIDENT_00632,18-29,F,East,Pasir Ris
RESIDENT_00633,60-69,M,East,Tampines
RESIDENT_00634,40-49,M,Central,Bukit Merah
RESIDENT_00635,40-49,F,West,Bukit Batok
RESIDENT_00636,60-69,F,West,Clementi
RESIDENT_00637,50-59,F,West,Jurong West
RESIDENT_00638,60-69,M,North,Yishun
RESIDENT_00639,50-59,M,North-East,Hougang
RESIDENT_00640,18-29,M,North-East,Hougang
RESIDENT_00641,18-29,M,East,Tampines
RESIDENT_00642,60-69,M,North,Yishun
RESIDENT_00643,70+,F,Central,Bishan
RESIDENT_00644,30-39,M,North,Sembawang
RESIDENT_00645,40-49,M,East,Pasir Ris
RESIDENT_00646,60-69,F,North,Woodlands
RESIDENT_00647,18-29,F,North-East,Hougang
RESIDENT_00648,30-39,M,Central,Bishan
RESIDENT_00649,30-39,M,North,Sembawang
RESIDENT_00650,30-39,M,Central,Bukit Merah
RESIDENT_00651,50-59,M,North-East,Punggol
RESIDENT_00652,30-39,M,Central,Bishan
RESIDENT_00653,60-69,F,East,Pasir Ris
RESIDENT_00654,40-49,F,North-East,Punggol
RESIDENT_00655,60-69,F,West,Clementi
RESIDENT_00656,40-49,M,North,Yishun
RESIDENT_00657,40-49,M,East,Pasir Ris
RESIDENT_00658,70+,M,West,Bukit Batok
RESIDENT_00659,50-59,M,North,Woodlands
RESIDENT_00660,60-69,M,North,Sembawang
RESIDENT_00661,18-29,F,East,Bedok
RESIDENT_00662,50-59,F,North,Sembawang
RESIDENT_00663,70+,M,North,Yishun
RESIDENT_00664,50-59,F,West,Clementi
RESIDENT_00665,50-59,M,West,Bukit Batok
RESIDENT_00666,60-69,F,North,Yishun
RESIDENT_00667,50-59,F,East,Pasir Ris
RESIDENT_00668,30-39,M,East,Tampines
RESIDENT_00669,30-39,M,North,Yishun
RESIDENT_00670,18-29,F,North-East,Punggol
RESIDENT_00671,60-69,M,Central,Bukit Merah
RESIDENT_00672,60-69,F,Central,Bishan
RESIDENT_00673,70+,M,North-East,Hougang
RESIDENT_00674,40-49,F,Central,Toa Payoh
RESIDENT_00675,40-49,F,Central,Bishan
RESIDENT_00676,60-69,F,North-East,Hougang
RESIDENT_00677,40-49,M,North-East,Punggol
RESIDENT_00678,30-39,M,West,Jurong West
RESIDENT_00679,18-29,F,East,Pasir Ris
RESIDENT_00680,50-59,M,East,Tampines
RESIDENT_00681,40-49,M,North-East,Hougang
RESIDENT_00682,70+,M,North,Sembawang
RESIDENT_00683,40-49,F,North,Yishun
RESIDENT_00684,30-39,M,East,Bedok
RESIDENT_00685,30-39,F,East,Pasir Ris
RESIDENT_00686,30-39,F,Central,Toa Payoh
RESIDENT_00687,50-59,F,West,Bukit Batok
RESIDENT_00688,50-59,M,Central,Toa Payoh
RESIDENT_00689,30-39,F,West,Jurong West
RESIDENT_00690,40-49,F,North,Sembawang
RESIDENT_00691,50-59,F,West,Clementi
RESIDENT_00692,50-59,F,West,Clementi
RESIDENT_00693,30-39,F,North-East,Punggol
RESIDENT_00694,30-39,M,East,Tampines
RESIDENT_00695,40-49,F,West,Bukit Batok
RESIDENT_00696,18-29,F,East,Bedok
RESIDENT_00697,18-29,F,North-East,Sengkang
RESIDENT_00698,50-59,M,North,Yishun
RESIDENT_00699,18-29,F,Central,Bishan
RESIDENT_00700,60-69,M,North,Yishun
RESIDENT_00701,60-69,F,Central,Bishan
RESIDENT_00702,30-39,M,East,Pasir Ris
RESIDENT_00703,60-69,F,North,Woodlands
RESIDENT_00704,30-39,M,North-East,Sengkang
RESIDENT_00705,50-59,F,North-East,Hougang
RESIDENT_00706,18-29,M,East,Pasir Ris
RESIDENT_00707,50-59,M,East,Pasir Ris
RESIDENT_00708,70+,F,North-East,Punggol
RESIDENT_00709,30-39,M,Central,Bishan
RESIDENT_00710,50-59,F,West,Bukit Batok
RESIDENT_00711,40-49,F,West,Clementi
RESIDENT_00712,30-39,M,North-East,Hougang
RESIDENT_00713,18-29,F,West,Bukit Batok
RESIDENT_00714,60-69,F,North-East,Punggol
RESIDENT_00715,70+,F,North,Sembawang
RESIDENT_00716,40-49,F,North-East,Hougang
RESIDENT_00717,40-49,M,West,Clementi
RESIDENT_00718,50-59,F,North-East,Hougang
RESIDENT_00719,40-49,F,Central,Bishan
RESIDENT_00720,40-49,M,West,Clementi
RESIDENT_00721,60-69,M,East,Pasir Ris
RESIDENT_00722,50-59,F,North,Woodlands
RESIDENT_00723,30-39,M,Central,Bukit Merah
RESIDENT_00724,18-29,F,Central,Toa Payoh
RESIDENT_00725,30-39,F,Central,Bishan
RESIDENT_00726,40-49,F,East,Pasir Ris
RESIDENT_00727,18-29,F,North-East,Punggol
RESIDENT_00728,70+,F,East,Pasir Ris
RESIDENT_00729,70+,M,West,Bukit Batok
RESIDENT_00730,30-39,F,West,Jurong West
RESIDENT_00731,60-69,M,West,Bukit Batok
RESIDENT_00732,40-49,M,North,Yishun
RESIDENT_00733,40-49,M,East,Pasir Ris
RESIDENT_00734,50-59,F,West,Jurong West
RESIDENT_00735,70+,F,North,Sembawang
RESIDENT_00736,40-49,M,West,Bukit Batok
RESIDENT_00737,40-49,M,West,Bukit Batok
RESIDENT_00738,60-69,M,North,Woodlands
RESIDENT_00739,40-49,F,Central,Bukit Merah
RESIDENT_00740,60-69,F,North,Yishun
RESIDENT_00741,60-69,M,East,Bedok
RESIDENT_00742,30-39,M,Central,Bishan
RESIDENT_00743,50-59,M,East,Bedok
RESIDENT_00744,70+,M,Central,Toa Payoh
RESIDENT_00745,18-29,M,West,Jurong West
RESIDENT_00746,70+,M,East,Pasir Ris
RESIDENT_00747,30-39,F,East,Pasir Ris
RESIDENT_00748,50-59,F,East,Tampines
RESIDENT_00749,40-49,F,North,Woodlands
RESIDENT_00750,30-39,F,Central,Bishan
RESIDENT_00751,18-29,M,West,Clementi
RESIDENT_00752,30-39,M,West,Bukit Batok
RESIDENT_00753,18-29,F,West,Clementi
RESIDENT_00754,18-29,F,North-East,Hougang
RESIDENT_00755,30-39,F,North,Sembawang
RESIDENT_00756,60-69,F,West,Jurong West
RESIDENT_00757,30-39,F,North-East,Hougang
RESIDENT_00758,70+,F,North-East,Punggol
RESIDENT_00759,18-29,M,North,Sembawang
RESIDENT_00760,40-49,M,North-East,Sengkang
RESIDENT_00761,18-29,F,West,Jurong West
RESIDENT_00762,18-29,F,West,Jurong West
RESIDENT_00763,60-69,F,North-East,Sengkang
RESIDENT_00764,50-59,F,Central,Bishan
RESIDENT_00765,18-29,F,Central,Bishan
RESIDENT_00766,18-29,F,West,Clementi
RESIDENT_00767,50-59,M,North-East,Punggol
RESIDENT_00768,40-49,F,Central,Bukit Merah
RESIDENT_00769,30-39,F,Central,Toa Payoh
RESIDENT_00770,18-29,M,West,Clementi
RESIDENT_00771,30-39,F,North-East,Hougang
RESIDENT_00772,30-39,F,West,Clementi
RESIDENT_00773,40-49,F,Central,Bishan
RESIDENT_00774,50-59,F,West,Clementi
RESIDENT_00775,40-49,F,East,Bedok
RESIDENT_00776,60-69,F,West,Jurong West
RESIDENT_00777,60-69,M,Central,Bukit Merah
RESIDENT_00778,50-59,M,North,Woodlands
RESIDENT_00779,70+,M,North-East,Hougang
RESIDENT_00780,30-39,F,Central,Bishan
RESIDENT_00781,30-39,M,North-East,Sengkang
RESIDENT_00782,40-49,M,West,Clementi
RESIDENT_00783,30-39,F,North,Sembawang
RESIDENT_00784,60-69,F,North,Sembawang
RESIDENT_00785,40-49,M,North-East,Punggol
RESIDENT_00786,30-39,F,Central,Toa Payoh
RESIDENT_00787,30-39,F,West,Bukit Batok
RESIDENT_00788,50-59,M,West,Bukit Batok
RESIDENT_00789,30-39,M,West,Bukit Batok
RESIDENT_00790,40-49,M,North,Woodlands
RESIDENT_00791,18-29,M,West,Bukit Batok
RESIDENT_00792,50-59,F,West,Clementi
RESIDENT_00793,70+,F,West,Bukit Batok
RESIDENT_00794,18-29,M,North,Woodlands
RESIDENT_00795,30-39,F,North,Sembawang
RESIDENT_00796,40-49,M,North-East,Hougang
RESIDENT_00797,50-59,M,Central,Bukit Merah
RESIDENT_00798,50-59,M,West,Bukit Batok
RESIDENT_00799,50-59,F,West,Bukit Batok
RESIDENT_00800,40-49,M,East,Tampines
RESIDENT_00801,18-29,F,West,Clementi
RESIDENT_00802,40-49,M,Central,Bishan
RESIDENT_00803,30-39,F,East,Pasir Ris
RESIDENT_00804,50-59,M,North,Sembawang
RESIDENT_00805,50-59,M,East,Bedok
RESIDENT_00806,50-59,F,East,Bedok
RESIDENT_00807,60-69,F,Central,Bishan
RESIDENT_00808,40-49,M,East,Pasir Ris
RESIDENT_00809,70+,F,North,Yishun
RESIDENT_00810,30-39,M,North-East,Sengkang
RESIDENT_00811,50-59,M,East,Bedok
RESIDENT_00812,50-59,F,North-East,Hougang
RESIDENT_00813,18-29,F,East,Pasir Ris
RESIDENT_00814,60-69,F,North-East,Hougang
RESIDENT_00815,40-49,F,West,Jurong West
RESIDENT_00816,40-49,F,West,Bukit Batok
RESIDENT_00817,40-49,F,West,Bukit Batok
RESIDENT_00818,70+,M,East,Tampines
RESIDENT_00819,40-49,M,Central,Toa Payoh
RESIDENT_00820,30-39,M,Central,Toa Payoh
RESIDENT_00821,50-59,F,Central,Bukit Merah
RESIDENT_00822,50-59,M,East,Tampines
RESIDENT_00823,40-49,M,East,Tampines
RESIDENT_00824,40-49,M,North-East,Sengkang
RESIDENT_00825,40-49,M,North-East,Hougang
RESIDENT_00826,40-49,M,West,Bukit Batok
RESIDENT_00827,60-69,F,East,Pasir Ris
RESIDENT_00828,18-29,M,East,Tampines
RESIDENT_00829,50-59,F,West,Jurong West
RESIDENT_00830,60-69,M,Central,Bukit Merah
RESIDENT_00831,30-39,M,Central,Bishan
RESIDENT_00832,70+,M,North-East,Sengkang
RESIDENT_00833,50-59,F,North,Woodlands
RESIDENT_00834,18-29,M,North-East,Hougang
RESIDENT_00835,50-59,F,West,Bukit Batok
RESIDENT_00836,50-59,F,East,Bedok
RESIDENT_00837,50-59,M,North,Sembawang
RESIDENT_00838,50-59,F,Central,Bishan
RESIDENT_00839,70+,M,West,Clementi
RESIDENT_00840,50-59,F,East,Tampines
RESIDENT_00841,30-39,M,Central,Bukit Merah
RESIDENT_00842,40-49,M,Central,Bishan
RESIDENT_00843,60-69,M,North,Sembawang
RESIDENT_00844,40-49,F,West,Clementi
RESIDENT_00845,60-69,F,North-East,Punggol
RESIDENT_00846,40-49,F,Central,Bukit Merah
RESIDENT_00847,40-49,M,North,Sembawang
RESIDENT_00848,30-39,F,North,Yishun
RESIDENT_00849,40-49,F,Central,Toa Payoh
RESIDENT_00850,60-69,M,East,Bedok
RESIDENT_00851,50-59,F,North-East,Sengkang
RESIDENT_00852,30-39,F,East,Pasir Ris
RESIDENT_00853,18-29,F,Central,Bukit Merah
RESIDENT_00854,18-29,F,West,Clementi
RESIDENT_00855,60-69,M,North-East,Punggol
RESIDENT_00856,40-49,F,North,Woodlands
RESIDENT_00857,70+,F,North-East,Sengkang
RESIDENT_00858,40-49,F,East,Pasir Ris
RESIDENT_00859,50-59,F,North,Sembawang
RESIDENT_00860,18-29,M,West,Bukit Batok
RESIDENT_00861,40-49,F,East,Tampines
RESIDENT_00862,30-39,M,North,Woodlands
RESIDENT_00863,60-69,M,North,Yishun
RESIDENT_00864,70+,F,East,Bedok
RESIDENT_00865,40-49,M,East,Bedok
RESIDENT_00866,60-69,F,North-East,Punggol
RESIDENT_00867,40-49,M,West,Clementi
RESIDENT_00868,60-69,F,West,Clementi
RESIDENT_00869,30-39,M,Central,Toa Payoh
RESIDENT_00870,50-59,M,North-East,Punggol
RESIDENT_00871,70+,M,West,Clementi
RESIDENT_00872,30-39,F,Central,Bukit Merah
RESIDENT_00873,70+,M,East,Tampines
RESIDENT_00874,60-69,M,North-East,Hougang
RESIDENT_00875,50-59,F,North-East,Hougang
RESIDENT_00876,50-59,M,North-East,Hougang
RESIDENT_00877,30-39,M,North,Sembawang
RESIDENT_00878,50-59,M,West,Clementi
RESIDENT_00879,40-49,M,West,Clementi
RESIDENT_00880,18-29,F,Central,Bukit Merah
RESIDENT_00881,30-39,F,East,Bedok
RESIDENT_00882,18-29,M,West,Bukit Batok
RESIDENT_00883,30-39,F,Central,Bishan
RESIDENT_00884,30-39,M,North,Yishun
RESIDENT_00885,40-49,F,East,Bedok
RESIDENT_00886,60-69,M,North,Sembawang
RESIDENT_00887,18-29,F,North-East,Sengkang
RESIDENT_00888,40-49,M,West,Clementi
RESIDENT_00889,60-69,M,East,Tampines
RESIDENT_00890,30-39,F,North,Woodlands
RESIDENT_00891,30-39,F,North,Sembawang
RESIDENT_00892,18-29,M,North,Yishun
RESIDENT_00893,40-49,F,Central,Toa Payoh
RESIDENT_00894,30-39,M,North-East,Punggol
RESIDENT_00895,40-49,F,Central,Bukit Merah
RESIDENT_00896,50-59,M,North,Yishun
RESIDENT_00897,18-29,F,East,Pasir Ris
RESIDENT_00898,50-59,M,North,Woodlands
RESIDENT_00899,18-29,F,East,Bedok
RESIDENT_00900,18-29,M,North,Sembawang
RESIDENT_00901,30-39,M,Central,Bishan
RESIDENT_00902,60-69,M,North,Yishun
RESIDENT_00903,18-29,F,North,Woodlands
RESIDENT_00904,40-49,F,Central,Bishan
RESIDENT_00905,60-69,F,North-East,Sengkang
RESIDENT_00906,30-39,F,North-East,Hougang
RESIDENT_00907,50-59,F,West,Clementi
RESIDENT_00908,30-39,F,North,Sembawang
RESIDENT_00909,30-39,M,Central,Bishan
RESIDENT_00910,70+,F,East,Pasir Ris
RESIDENT_00911,30-39,M,Central,Bukit Merah
RESIDENT_00912,18-29,F,East,Pasir Ris
RESIDENT_00913,30-39,F,West,Jurong West
RESIDENT_00914,50-59,M,Central,Bukit Merah
RESIDENT_00915,50-59,F,North,Woodlands
RESIDENT_00916,70+,M,North,Yishun
RESIDENT_00917,50-59,M,Central,Bukit Merah
RESIDENT_00918,40-49,M,Central,Bukit Merah
RESIDENT_00919,30-39,F,North-East,Sengkang
RESIDENT_00920,30-39,F,North-East,Hougang
RESIDENT_00921,30-39,M,North-East,Sengkang
RESIDENT_00922,60-69,M,Central,Bukit Merah
RESIDENT_00923,60-69,F,West,Clementi
RESIDENT_00924,60-69,F,West,Bukit Batok
RESIDENT_00925,30-39,M,West,Clementi
RESIDENT_00926,18-29,F,Central,Bishan
RESIDENT_00927,60-69,F,East,Bedok
RESIDENT_00928,18-29,M,Central,Bukit Merah
RESIDENT_00929,50-59,M,West,Jurong West
RESIDENT_00930,50-59,F,West,Jurong West
RESIDENT_00931,40-49,F,Central,Toa Payoh
RESIDENT_00932,60-69,F,North,Sembawang
RESIDENT_00933,50-59,M,Central,Bishan
RESIDENT_00934,18-29,F,Central,Bukit Merah
RESIDENT_00935,40-49,F,East,Pasir Ris
RESIDENT_00936,50-59,M,West,Bukit Batok
RESIDENT_00937,50-59,M,North,Woodlands
RESIDENT_00938,40-49,M,West,Bukit Batok
RESIDENT_00939,40-49,M,West,Clementi
RESIDENT_00940,40-49,M,North,Sembawang
RESIDENT_00941,40-49,M,West,Bukit Batok
RESIDENT_00942,70+,M,North,Yishun
RESIDENT_00943,50-59,F,North,Yishun
RESIDENT_00944,30-39,M,East,Bedok
RESIDENT_00945,40-49,F,West,Jurong West
RESIDENT_00946,30-39,M,North,Yishun
RESIDENT_00947,30-39,M,East,Bedok
RESIDENT_00948,70+,F,West,Bukit Batok
RESIDENT_00949,40-49,F,East,Pasir Ris
RESIDENT_00950,50-59,M,Central,Bishan
RESIDENT_00951,30-39,M,North,Yishun
RESIDENT_00952,50-59,F,East,Pasir Ris
RESIDENT_00953,30-39,F,Central,Toa Payoh
RESIDENT_00954,30-39,F,East,Bedok
RESIDENT_00955,60-69,F,North-East,Hougang
RESIDENT_00956,18-29,M,North-East,Hougang
RESIDENT_00957,40-49,M,Central,Bishan
RESIDENT_00958,60-69,F,North-East,Hougang
RESIDENT_00959,40-49,F,East,Pasir Ris
RESIDENT_00960,30-39,M,East,Tampines
RESIDENT_00961,18-29,M,Central,Toa Payoh
RESIDENT_00962,30-39,F,East,Tampines
RESIDENT_00963,60-69,M,West,Bukit Batok
RESIDENT_00964,70+,F,Central,Bishan
RESIDENT_00965,60-69,F,East,Bedok
RESIDENT_00966,70+,F,East,Tampines
RESIDENT_00967,30-39,M,Central,Bishan
RESIDENT_00968,30-39,M,West,Bukit Batok
RESIDENT_00969,40-49,F,Central,Toa Payoh
RESIDENT_00970,30-39,M,North,Woodlands
RESIDENT_00971,40-49,M,Central,Bukit Merah
RESIDENT_00972,18-29,M,Central,Bishan
RESIDENT_00973,70+,M,Central,Bukit Merah
RESIDENT_00974,30-39,M,East,Pasir Ris
RESIDENT_00975,30-39,M,Central,Toa Payoh
RESIDENT_00976,18-29,M,East,Tampines
RESIDENT_00977,70+,M,East,Bedok
RESIDENT_00978,60-69,F,North-East,Sengkang
RESIDENT_00979,30-39,M,East,Pasir Ris
RESIDENT_00980,40-49,F,North-East,Punggol
RESIDENT_00981,40-49,M,East,Pasir Ris
RESIDENT_00982,18-29,F,West,Bukit Batok
RESIDENT_00983,30-39,F,East,Tampines
RESIDENT_00984,70+,M,West,Jurong West
RESIDENT_00985,30-39,F,Central,Bukit Merah
RESIDENT_00986,70+,M,North-East,Punggol
RESIDENT_00987,60-69,F,East,Bedok
RESIDENT_00988,50-59,F,West,Bukit Batok
RESIDENT_00989,30-39,M,Central,Bishan
RESIDENT_00990,30-39,M,North,Yishun
RESIDENT_00991,30-39,F,East,Tampines
RESIDENT_00992,70+,F,North,Sembawang
RESIDENT_00993,18-29,M,East,Pasir Ris
RESIDENT_00994,60-69,M,North-East,Punggol
RESIDENT_00995,50-59,M,West,Bukit Batok
RESIDENT_00996,70+,F,West,Bukit Batok
RESIDENT_00997,60-69,F,North-East,Hougang
RESIDENT_00998,70+,F,North-East,Sengkang
RESIDENT_00999,30-39,M,Central,Toa Payoh
RESIDENT_01000,30-39,M,North-East,Sengkang
RESIDENT_01001,40-49,M,East,Bedok
RESIDENT_01002,30-39,F,Central,Toa Payoh
RESIDENT_01003,18-29,M,North-East,Sengkang
RESIDENT_01004,18-29,M,North-East,Sengkang
RESIDENT_01005,18-29,M,Central,Bukit Merah
RESIDENT_01006,50-59,F,West,Clementi
RESIDENT_01007,60-69,M,Central,Bukit Merah
RESIDENT_01008,60-69,F,East,Pasir Ris
RESIDENT_01009,30-39,M,North,Yishun
RESIDENT_01010,60-69,F,Central,Bishan
RESIDENT_01011,40-49,M,Central,Bukit Merah
RESIDENT_01012,60-69,F,West,Jurong West
RESIDENT_01013,40-49,F,North-East,Sengkang
RESIDENT_01014,60-69,M,East,Pasir Ris
RESIDENT_01015,18-29,F,East,Bedok
RESIDENT_01016,18-29,F,Central,Bukit Merah
RESIDENT_01017,70+,F,North,Woodlands
RESIDENT_01018,50-59,F,East,Tampines
RESIDENT_01019,70+,F,North,Yishun
RESIDENT_01020,60-69,M,North-East,Sengkang
RESIDENT_01021,18-29,M,North-East,Punggol
RESIDENT_01022,30-39,F,West,Bukit Batok
RESIDENT_01023,50-59,F,West,Clementi
RESIDENT_01024,50-59,M,North-East,Punggol
RESIDENT_01025,30-39,F,West,Bukit Batok
RESIDENT_01026,50-59,M,West,Clementi
RESIDENT_01027,30-39,M,West,Jurong West
RESIDENT_01028,40-49,F,Central,Bukit Merah
RESIDENT_01029,70+,M,West,Jurong West
RESIDENT_01030,60-69,F,West,Jurong West
RESIDENT_01031,30-39,F,North,Yishun
RESIDENT_01032,30-39,F,West,Jurong West
RESIDENT_01033,40-49,F,North,Woodlands
RESIDENT_01034,70+,M,North,Yishun
RESIDENT_01035,40-49,M,East,Pasir Ris
RESIDENT_01036,70+,F,North-East,Sengkang
RESIDENT_01037,40-49,F,North,Woodlands
RESIDENT_01038,18-29,F,North,Yishun
RESIDENT_01039,70+,F,North,Sembawang
RESIDENT_01040,50-59,M,East,Pasir Ris
RESIDENT_01041,30-39,F,Central,Toa Payoh
RESIDENT_01042,60-69,M,North-East,Hougang
RESIDENT_01043,18-29,F,East,Bedok
RESIDENT_01044,18-29,M,West,Bukit Batok
RESIDENT_01045,70+,M,North,Yishun
RESIDENT_01046,50-59,F,West,Jurong West
RESIDENT_01047,40-49,F,North-East,Hougang
RESIDENT_01048,60-69,M,West,Clementi
RESIDENT_01049,60-69,M,West,Jurong West
RESIDENT_01050,30-39,F,East,Tampines
RESIDENT_01051,60-69,F,North,Yishun
RESIDENT_01052,18-29,F,North,Woodlands
RESIDENT_01053,30-39,F,West,Bukit Batok
RESIDENT_01054,30-39,F,West,Clementi
RESIDENT_01055,40-49,F,West,Jurong West
RESIDENT_01056,40-49,F,Central,Toa Payoh
RESIDENT_01057,60-69,M,West,Bukit Batok
RESIDENT_01058,60-69,F,North,Yishun
RESIDENT_01059,60-69,M,Central,Bishan
RESIDENT_01060,40-49,F,North-East,Hougang
RESIDENT_01061,40-49,M,North,Yishun
RESIDENT_01062,18-29,F,Central,Toa Payoh
RESIDENT_01063,30-39,M,East,Pasir Ris
RESIDENT_01064,18-29,F,West,Clementi
RESIDENT_01065,40-49,M,North,Sembawang
RESIDENT_01066,30-39,F,West,Clementi
RESIDENT_01067,30-39,M,North,Yishun
RESIDENT_01068,50-59,F,West,Bukit Batok
RESIDENT_01069,60-69,F,West,Bukit Batok
RESIDENT_01070,40-49,M,North,Woodlands
RESIDENT_01071,50-59,M,Central,Toa Payoh
RESIDENT_01072,30-39,F,Central,Bukit Merah
RESIDENT_01073,50-59,M,East,Pasir Ris
RESIDENT_01074,50-59,F,West,Jurong West
RESIDENT_01075,50-59,M,North,Yishun
RESIDENT_01076,50-59,M,Central,Bishan
RESIDENT_01077,30-39,F,Central,Bishan
RESIDENT_01078,18-29,M,North,Woodlands
RESIDENT_01079,40-49,M,West,Bukit Batok
RESIDENT_01080,40-49,F,North-East,Sengkang
RESIDENT_01081,30-39,M,East,Tampines
RESIDENT_01082,30-39,F,East,Bedok
RESIDENT_01083,18-29,M,Central,Bukit Merah
RESIDENT_01084,18-29,M,Central,Toa Payoh
RESIDENT_01085,30-39,M,West,Bukit Batok
RESIDENT_01086,30-39,F,North-East,Punggol
RESIDENT_01087,40-49,F,West,Bukit Batok
RESIDENT_01088,70+,M,North-East,Hougang
RESIDENT_01089,50-59,F,North-East,Sengkang
RESIDENT_01090,50-59,M,East,Tampines
RESIDENT_01091,60-69,F,West,Jurong West
RESIDENT_01092,60-69,M,West,Bukit Batok
RESIDENT_01093,60-69,M,West,Clementi
RESIDENT_01094,50-59,M,West,Clementi
RESIDENT_01095,30-39,M,North,Sembawang
RESIDENT_01096,18-29,M,North,Sembawang
RESIDENT_01097,50-59,M,Central,Bukit Merah
RESIDENT_01098,40-49,F,North,Sembawang
RESIDENT_01099,18-29,M,North,Yishun
RESIDENT_01100,50-59,F,Central,Bukit Merah
RESIDENT_01101,30-39,F,North-East,Punggol
RESIDENT_01102,30-39,F,North-East,Punggol
RESIDENT_01103,70+,F,West,Clementi
RESIDENT_01104,30-39,M,North-East,Sengkang
RESIDENT_01105,50-59,M,East,Bedok
RESIDENT_01106,18-29,M,Central,Toa Payoh
RESIDENT_01107,50-59,F,North-East,Punggol
RESIDENT_01108,30-39,M,North-East,Hougang
RESIDENT_01109,50-59,F,North-East,Hougang
RESIDENT_01110,50-59,M,North-East,Punggol
RESIDENT_01111,30-39,M,Central,Toa Payoh
RESIDENT_01112,60-69,M,West,Bukit Batok
RESIDENT_01113,40-49,F,North,Woodlands
RESIDENT_01114,40-49,M,Central,Toa Payoh
RESIDENT_01115,30-39,F,North,Sembawang
RESIDENT_01116,50-59,F,West,Bukit Batok
RESIDENT_01117,18-29,F,Central,Toa Payoh
RESIDENT_01118,60-69,F,East,Tampines
RESIDENT_01119,50-59,M,Central,Toa Payoh
RESIDENT_01120,30-39,F,North,Yishun
RESIDENT_01121,40-49,F,North-East,Punggol
RESIDENT_01122,40-49,M,East,Bedok
RESIDENT_01123,50-59,F,East,Bedok
RESIDENT_01124,50-59,F,East,Tampines
RESIDENT_01125,18-29,F,Central,Bukit Merah
RESIDENT_01126,18-29,M,North-East,Hougang
RESIDENT_01127,50-59,M,Central,Bishan
RESIDENT_01128,50-59,M,North-East,Punggol
RESIDENT_01129,40-49,F,Central,Toa Payoh
RESIDENT_01130,40-49,M,Central,Toa Payoh
RESIDENT_01131,18-29,F,North-East,Punggol
RESIDENT_01132,60-69,M,Central,Bukit Merah
RESIDENT_01133,18-29,M,West,Bukit Batok
RESIDENT_01134,60-69,M,North-East,Punggol
RESIDENT_01135,18-29,F,East,Bedok
RESIDENT_01136,40-49,M,North-East,Punggol
RESIDENT_01137,18-29,F,Central,Toa Payoh
RESIDENT_01138,18-29,M,North-East,Sengkang
RESIDENT_01139,50-59,F,East,Bedok
RESIDENT_01140,50-59,M,North-East,Sengkang
RESIDENT_01141,18-29,F,East,Tampines
RESIDENT_01142,50-59,F,North-East,Hougang
RESIDENT_01143,60-69,F,West,Jurong West
RESIDENT_01144,30-39,M,North-East,Punggol
RESIDENT_01145,18-29,F,West,Jurong West
RESIDENT_01146,18-29,M,North,Woodlands
RESIDENT_01147,50-59,F,East,Tampines
RESIDENT_01148,18-29,M,Central,Bishan
RESIDENT_01149,18-29,F,Central,Bishan
RESIDENT_01150,50-59,M,North-East,Sengkang
RESIDENT_01151,50-59,M,East,Tampines
RESIDENT_01152,50-59,F,West,Bukit Batok
RESIDENT_01153,30-39,F,North,Sembawang
RESIDENT_01154,70+,F,Central,Bukit Merah
RESIDENT_01155,30-39,F,West,Clementi
RESIDENT_01156,60-69,M,Central,Toa Payoh
RESIDENT_01157,18-29,M,Central,Toa Payoh
RESIDENT_01158,30-39,M,North,Woodlands
RESIDENT_01159,30-39,F,West,Clementi
RESIDENT_01160,60-69,M,Central,Bukit Merah
RESIDENT_01161,30-39,M,North-East,Hougang
RESIDENT_01162,30-39,F,North,Sembawang
RESIDENT_01163,60-69,F,North-East,Punggol
RESIDENT_01164,60-69,F,Central,Bishan
RESIDENT_01165,40-49,F,East,Tampines
RESIDENT_01166,70+,F,North,Yishun
RESIDENT_01167,18-29,F,West,Jurong West
RESIDENT_01168,40-49,M,North-East,Hougang
RESIDENT_01169,70+,F,West,Jurong West
RESIDENT_01170,60-69,F,North-East,Sengkang
RESIDENT_01171,18-29,M,North,Sembawang
RESIDENT_01172,30-39,F,East,Pasir Ris
RESIDENT_01173,40-49,F,Central,Bishan
RESIDENT_01174,40-49,M,Central,Toa Payoh
RESIDENT_01175,40-49,F,North-East,Sengkang
RESIDENT_01176,70+,F,North-East,Punggol
RESIDENT_01177,18-29,M,Central,Bishan
RESIDENT_01178,50-59,F,West,Clementi
RESIDENT_01179,30-39,M,North-East,Sengkang
RESIDENT_01180,40-49,M,Central,Bukit Merah
RESIDENT_01181,60-69,F,North-East,Sengkang
RESIDENT_01182,40-49,M,Central,Bishan
RESIDENT_01183,40-49,F,North,Yishun
RESIDENT_01184,50-59,F,West,Jurong West
RESIDENT_01185,18-29,M,West,Bukit Batok
RESIDENT_01186,60-69,F,East,Tampines
RESIDENT_01187,50-59,M,West,Jurong West
RESIDENT_01188,40-49,F,North,Yishun
RESIDENT_01189,60-69,M,West,Bukit Batok
RESIDENT_01190,60-69,M,East,Bedok
RESIDENT_01191,30-39,F,East,Bedok
RESIDENT_01192,50-59,M,Central,Bishan
RESIDENT_01193,70+,F,West,Clementi
RESIDENT_01194,40-49,M,East,Tampines
RESIDENT_01195,30-39,F,North,Woodlands
RESIDENT_01196,40-49,M,North,Sembawang
RESIDENT_01197,50-59,M,North-East,Punggol
RESIDENT_01198,60-69,M,East,Bedok
RESIDENT_01199,40-49,M,East,Bedok
RESIDENT_01200,40-49,F,North,Sembawang
RESIDENT_01201,30-39,F,North,Sembawang
RESIDENT_01202,30-39,F,East,Tampines
RESIDENT_01203,30-39,F,North-East,Hougang
RESIDENT_01204,70+,F,North,Yishun
RESIDENT_01205,40-49,F,East,Bedok
RESIDENT_01206,70+,M,East,Bedok
RESIDENT_01207,30-39,M,West,Clementi
RESIDENT_01208,60-69,M,East,Tampines
RESIDENT_01209,70+,F,North-East,Sengkang
RESIDENT_01210,18-29,F,North,Yishun
RESIDENT_01211,18-29,F,North,Sembawang
RESIDENT_01212,30-39,F,North,Sembawang
RESIDENT_01213,70+,M,Central,Bishan
RESIDENT_01214,50-59,F,West,Bukit Batok
RESIDENT_01215,50-59,M,East,Tampines
RESIDENT_01216,30-39,M,Central,Toa Payoh
RESIDENT_01217,30-39,M,Central,Bukit Merah
RESIDENT_01218,30-39,M,North,Sembawang
RESIDENT_01219,50-59,F,West,Jurong West
RESIDENT_01220,70+,F,West,Bukit Batok
RESIDENT_01221,18-29,M,Central,Toa Payoh
RESIDENT_01222,50-59,F,North-East,Hougang
RESIDENT_01223,40-49,F,North,Yishun
RESIDENT_01224,40-49,M,North,Woodlands
RESIDENT_01225,30-39,M,East,Bedok
RESIDENT_01226,30-39,F,North-East,Hougang
RESIDENT_01227,70+,F,North-East,Sengkang
RESIDENT_01228,40-49,M,West,Clementi
RESIDENT_01229,40-49,F,Central,Toa Payoh
RESIDENT_01230,18-29,M,Central,Bukit Merah
RESIDENT_01231,18-29,M,East,Tampines
RESIDENT_01232,30-39,F,Central,Bukit Merah
RESIDENT_01233,50-59,F,Central,Bukit Merah
RESIDENT_01234,30-39,M,North,Woodlands
RESIDENT_01235,60-69,F,North,Woodlands
RESIDENT_01236,60-69,M,North,Yishun
RESIDENT_01237,30-39,F,East,Bedok
RESIDENT_01238,50-59,F,West,Clementi
RESIDENT_01239,60-69,F,Central,Toa Payoh
RESIDENT_01240,18-29,M,North,Sembawang
RESIDENT_01241,50-59,F,East,Pasir Ris
RESIDENT_01242,18-29,F,East,Pasir Ris
RESIDENT_01243,30-39,F,East,Tampines
RESIDENT_01244,18-29,M,Central,Toa Payoh
RESIDENT_01245,18-29,F,Central,Toa Payoh
RESIDENT_01246,18-29,F,Central,Bishan
RESIDENT_01247,30-39,F,West,Jurong West
RESIDENT_01248,18-29,M,Central,Bukit Merah
RESIDENT_01249,60-69,F,East,Pasir Ris
RESIDENT_01250,60-69,F,Central,Bukit Merah
RESIDENT_01251,30-39,F,North,Sembawang
RESIDENT_01252,60-69,M,West,Clementi
RESIDENT_01253,50-59,F,North-East,Hougang
RESIDENT_01254,40-49,F,North-East,Punggol
RESIDENT_01255,40-49,F,Central,Toa Payoh
RESIDENT_01256,40-49,F,North,Woodlands
RESIDENT_01257,40-49,M,Central,Bukit Merah
RESIDENT_01258,30-39,M,North-East,Punggol
RESIDENT_01259,60-69,M,East,Pasir Ris
RESIDENT_01260,70+,M,Central,Bukit Merah
RESIDENT_01261,40-49,F,North-East,Hougang
RESIDENT_01262,50-59,F,North-East,Sengkang
RESIDENT_01263,70+,M,North,Woodlands
RESIDENT_01264,30-39,M,Central,Bukit Merah
RESIDENT_01265,50-59,M,West,Clementi
RESIDENT_01266,40-49,F,North-East,Punggol
RESIDENT_01267,40-49,F,North,Sembawang
RESIDENT_01268,50-59,F,Central,Toa Payoh
RESIDENT_01269,40-49,M,East,Bedok
RESIDENT_01270,50-59,M,Central,Toa Payoh
RESIDENT_01271,40-49,M,North-East,Sengkang
RESIDENT_01272,18-29,F,West,Clementi
RESIDENT_01273,30-39,M,North-East,Punggol
RESIDENT_01274,30-39,M,Central,Bukit Merah
RESIDENT_01275,18-29,M,North-East,Punggol
RESIDENT_01276,50-59,M,West,Clementi
RESIDENT_01277,18-29,M,West,Clementi
RESIDENT_01278,50-59,M,West,Clementi
RESIDENT_01279,18-29,M,West,Clementi
RESIDENT_01280,60-69,M,Central,Toa Payoh
RESIDENT_01281,70+,M,North,Yishun
RESIDENT_01282,30-39,M,East,Pasir Ris
RESIDENT_01283,18-29,F,North,Woodlands
RESIDENT_01284,40-49,M,Central,Bukit Merah
RESIDENT_01285,18-29,M,North,Sembawang
RESIDENT_01286,50-59,M,North-East,Sengkang
RESIDENT_01287,50-59,F,Central,Toa Payoh
RESIDENT_01288,30-39,M,North,Yishun
RESIDENT_01289,50-59,F,North-East,Sengkang
RESIDENT_01290,18-29,M,North,Woodlands
RESIDENT_01291,18-29,M,West,Clementi
RESIDENT_01292,40-49,F,West,Clementi
RESIDENT_01293,40-49,M,North,Yishun
RESIDENT_01294,30-39,M,North,Yishun
RESIDENT_01295,50-59,F,North-East,Hougang
RESIDENT_01296,50-59,F,East,Pasir Ris
RESIDENT_01297,70+,M,North,Sembawang
RESIDENT_01298,30-39,M,West,Jurong West
RESIDENT_01299,60-69,M,North,Yishun
RESIDENT_01300,60-69,M,East,Tampines
RESIDENT_01301,50-59,F,North,Yishun
RESIDENT_01302,30-39,F,East,Tampines
RESIDENT_01303,70+,M,West,Bukit Batok
RESIDENT_01304,30-39,F,East,Tampines
RESIDENT_01305,30-39,F,West,Bukit Batok
RESIDENT_01306,60-69,F,Central,Toa Payoh
RESIDENT_01307,70+,M,Central,Toa Payoh
RESIDENT_01308,70+,F,North-East,Hougang
RESIDENT_01309,70+,M,West,Clementi
RESIDENT_01310,18-29,M,West,Clementi
RESIDENT_01311,60-69,F,North-East,Punggol
RESIDENT_01312,30-39,M,Central,Toa Payoh
RESIDENT_01313,18-29,M,West,Bukit Batok
RESIDENT_01314,40-49,F,West,Clementi
RESIDENT_01315,40-49,M,North,Yishun
RESIDENT_01316,50-59,F,Central,Toa Payoh
RESIDENT_01317,50-59,M,North,Sembawang
RESIDENT_01318,60-69,M,East,Bedok
RESIDENT_01319,18-29,F,North,Yishun
RESIDENT_01320,50-59,M,North-East,Hougang
RESIDENT_01321,40-49,M,North-East,Punggol
RESIDENT_01322,60-69,M,Central,Bukit Merah
RESIDENT_01323,50-59,M,North-East,Punggol
RESIDENT_01324,50-59,F,Central,Bukit Merah
RESIDENT_01325,40-49,M,Central,Toa Payoh
RESIDENT_01326,30-39,F,Central,Bukit Merah
RESIDENT_01327,40-49,F,North,Yishun
RESIDENT_01328,30-39,M,North,Yishun
RESIDENT_01329,70+,F,North-East,Hougang
RESIDENT_01330,50-59,F,West,Clementi
RESIDENT_01331,18-29,M,East,Pasir Ris
RESIDENT_01332,70+,F,Central,Bukit Merah
RESIDENT_01333,40-49,M,West,Bukit Batok
RESIDENT_01334,50-59,F,East,Tampines
RESIDENT_01335,18-29,F,North-East,Sengkang
RESIDENT_01336,40-49,M,East,Bedok
RESIDENT_01337,30-39,M,North,Woodlands
RESIDENT_01338,18-29,M,North-East,Hougang
RESIDENT_01339,50-59,M,North-East,Sengkang
RESIDENT_01340,18-29,F,Central,Bishan
RESIDENT_01341,70+,F,North-East,Hougang
RESIDENT_01342,40-49,M,West,Bukit Batok
RESIDENT_01343,18-29,F,West,Clementi
RESIDENT_01344,70+,M,North-East,Hougang
RESIDENT_01345,40-49,M,West,Jurong West
RESIDENT_01346,40-49,M,East,Pasir Ris
RESIDENT_01347,70+,M,North,Sembawang
RESIDENT_01348,30-39,F,West,Clementi
RESIDENT_01349,40-49,M,East,Bedok
RESIDENT_01350,30-39,F,Central,Toa Payoh
RESIDENT_01351,40-49,M,North-East,Hougang
RESIDENT_01352,40-49,M,West,Jurong West
RESIDENT_01353,30-39,F,Central,Toa Payoh
RESIDENT_01354,60-69,F,West,Bukit Batok
RESIDENT_01355,30-39,F,West,Jurong West
RESIDENT_01356,60-69,F,Central,Toa Payoh
RESIDENT_01357,40-49,F,North-East,Punggol
RESIDENT_01358,40-49,M,Central,Toa Payoh
RESIDENT_01359,50-59,M,West,Jurong West
RESIDENT_01360,70+,F,North,Woodlands
RESIDENT_01361,30-39,F,North,Sembawang
RESIDENT_01362,40-49,M,West,Clementi
RESIDENT_01363,18-29,F,North-East,Hougang
RESIDENT_01364,50-59,F,North,Woodlands
RESIDENT_01365,50-59,M,North-East,Sengkang
RESIDENT_01366,50-59,M,North,Sembawang
RESIDENT_01367,60-69,M,North-East,Punggol
RESIDENT_01368,60-69,M,Central,Bukit Merah
RESIDENT_01369,18-29,M,North-East,Punggol
RESIDENT_01370,70+,F,East,Tampines
RESIDENT_01371,70+,M,Central,Toa Payoh
RESIDENT_01372,60-69,M,North,Yishun
RESIDENT_01373,18-29,F,West,Bukit Batok
RESIDENT_01374,40-49,M,North-East,Sengkang
RESIDENT_01375,30-39,F,North,Sembawang
RESIDENT_01376,30-39,F,North-East,Punggol
RESIDENT_01377,60-69,M,North-East,Punggol
RESIDENT_01378,50-59,M,North-East,Punggol
RESIDENT_01379,30-39,M,East,Pasir Ris
RESIDENT_01380,18-29,M,West,Jurong West
RESIDENT_01381,40-49,M,North-East,Sengkang
RESIDENT_01382,50-59,M,North,Sembawang
RESIDENT_01383,18-29,F,North,Woodlands
RESIDENT_01384,50-59,F,Central,Bishan
RESIDENT_01385,50-59,M,East,Pasir Ris
RESIDENT_01386,18-29,M,East,Bedok
RESIDENT_01387,18-29,F,Central,Bukit Merah
RESIDENT_01388,40-49,M,North-East,Sengkang
RESIDENT_01389,40-49,M,North,Woodlands
RESIDENT_01390,50-59,M,Central,Toa Payoh
RESIDENT_01391,50-59,M,West,Jurong West
RESIDENT_01392,40-49,M,North-East,Hougang
RESIDENT_01393,18-29,M,West,Bukit Batok
RESIDENT_01394,60-69,F,North-East,Punggol
RESIDENT_01395,50-59,F,North-East,Hougang
RESIDENT_01396,30-39,F,North-East,Sengkang
RESIDENT_01397,70+,M,North,Woodlands
RESIDENT_01398,60-69,M,North-East,Punggol
RESIDENT_01399,30-39,F,West,Bukit Batok
RESIDENT_01400,30-39,M,East,Bedok
RESIDENT_01401,30-39,F,North-East,Sengkang
RESIDENT_01402,60-69,M,North,Sembawang
RESIDENT_01403,18-29,F,West,Clementi
RESIDENT_01404,30-39,F,West,Clementi
RESIDENT_01405,60-69,M,North,Woodlands
RESIDENT_01406,50-59,F,West,Clementi
RESIDENT_01407,70+,F,Central,Bukit Merah
RESIDENT_01408,30-39,F,Central,Bishan
RESIDENT_01409,50-59,M,North,Sembawang
RESIDENT_01410,50-59,M,East,Bedok
RESIDENT_01411,70+,F,North-East,Hougang
RESIDENT_01412,30-39,F,North,Woodlands
RESIDENT_01413,30-39,F,North-East,Hougang
RESIDENT_01414,60-69,F,North-East,Punggol
RESIDENT_01415,70+,M,North-East,Hougang
RESIDENT_01416,50-59,F,Central,Bishan
RESIDENT_01417,70+,F,North-East,Punggol
RESIDENT_01418,50-59,F,Central,Bukit Merah
RESIDENT_01419,40-49,M,North,Sembawang
RESIDENT_01420,18-29,M,North,Sembawang
RESIDENT_01421,40-49,F,North-East,Sengkang
RESIDENT_01422,60-69,M,North,Woodlands
RESIDENT_01423,40-49,M,Central,Bukit Merah
RESIDENT_01424,70+,M,West,Jurong West
RESIDENT_01425,30-39,M,West,Bukit Batok
RESIDENT_01426,60-69,M,Central,Bishan
RESIDENT_01427,70+,F,North-East,Sengkang
RESIDENT_01428,50-59,M,North,Woodlands
RESIDENT_01429,30-39,F,North-East,Punggol
RESIDENT_01430,40-49,F,West,Clementi
RESIDENT_01431,50-59,M,West,Bukit Batok
RESIDENT_01432,30-39,F,Central,Toa Payoh
RESIDENT_01433,50-59,M,East,Bedok
RESIDENT_01434,60-69,M,North-East,Hougang
RESIDENT_01435,50-59,M,North,Sembawang
RESIDENT_01436,60-69,M,North-East,Sengkang
RESIDENT_01437,50-59,M,North-East,Hougang
RESIDENT_01438,40-49,M,East,Bedok
RESIDENT_01439,18-29,F,West,Clementi
RESIDENT_01440,70+,M,East,Bedok
RESIDENT_01441,18-29,M,Central,Bishan
RESIDENT_01442,40-49,M,Central,Toa Payoh
RESIDENT_01443,60-69,F,Central,Bukit Merah
RESIDENT_01444,60-69,F,North,Woodlands
RESIDENT_01445,18-29,M,Central,Bishan
RESIDENT_01446,40-49,M,North-East,Sengkang
RESIDENT_01447,40-49,F,North-East,Hougang
RESIDENT_01448,50-59,F,North-East,Sengkang
RESIDENT_01449,50-59,M,West,Clementi
RESIDENT_01450,40-49,M,North,Sembawang
RESIDENT_01451,50-59,M,East,Pasir Ris
RESIDENT_01452,18-29,F,West,Bukit Batok
RESIDENT_01453,40-49,F,North-East,Hougang
RESIDENT_01454,70+,M,East,Bedok
RESIDENT_01455,18-29,M,North-East,Punggol
RESIDENT_01456,60-69,F,North-East,Punggol
RESIDENT_01457,18-29,M,North-East,Punggol
RESIDENT_01458,70+,F,Central,Toa Payoh
RESIDENT_01459,60-69,F,North,Yishun
RESIDENT_01460,50-59,M,Central,Bishan
RESIDENT_01461,40-49,M,North,Woodlands
RESIDENT_01462,40-49,F,North,Woodlands
RESIDENT_01463,50-59,M,West,Bukit Batok
RESIDENT_01464,70+,M,North-East,Hougang
RESIDENT_01465,40-49,M,West,Jurong West
RESIDENT_01466,30-39,F,Central,Bishan
RESIDENT_01467,30-39,M,East,Tampines
RESIDENT_01468,60-69,F,East,Tampines
RESIDENT_01469,40-49,M,East,Pasir Ris
RESIDENT_01470,60-69,M,Central,Bukit Merah
RESIDENT_01471,70+,M,Central,Toa Payoh
RESIDENT_01472,70+,F,North-East,Sengkang
RESIDENT_01473,18-29,F,North,Yishun
RESIDENT_01474,60-69,M,Central,Toa Payoh
RESIDENT_01475,60-69,M,North,Sembawang
RESIDENT_01476,30-39,M,North,Yishun
RESIDENT_01477,30-39,F,West,Bukit Batok
RESIDENT_01478,70+,F,Central,Toa Payoh
RESIDENT_01479,40-49,F,North-East,Sengkang
RESIDENT_01480,30-39,M,Central,Bukit Merah
RESIDENT_01481,60-69,F,East,Bedok
RESIDENT_01482,40-49,F,East,Pasir Ris
RESIDENT_01483,30-39,M,North,Sembawang
RESIDENT_01484,70+,F,North-East,Punggol
RESIDENT_01485,30-39,M,Central,Bishan
RESIDENT_01486,40-49,F,West,Bukit Batok
RESIDENT_01487,40-49,F,West,Bukit Batok
RESIDENT_01488,30-39,F,East,Pasir Ris
RESIDENT_01489,60-69,F,East,Pasir Ris
RESIDENT_01490,30-39,M,West,Jurong West
RESIDENT_01491,40-49,M,North,Yishun
RESIDENT_01492,40-49,F,North-East,Sengkang
RESIDENT_01493,70+,M,North,Yishun
RESIDENT_01494,30-39,F,East,Pasir Ris
RESIDENT_01495,70+,F,Central,Bishan
RESIDENT_01496,50-59,F,Central,Bishan
RESIDENT_01497,50-59,M,Central,Toa Payoh
RESIDENT_01498,30-39,M,North-East,Hougang
RESIDENT_01499,60-69,F,West,Bukit Batok
RESIDENT_01500,50-59,F,Central,Bishan
